file	label	intervaldID	t	f0	F1	F2	F3	H1c	H2c	H4c	A1c	A2c	A3c	H2Ku	H5Ku	CPP
a1_01_buerodrucker_m31.wav	u:	1	2.272	89.28399034511267	480.079	2381.714	3133.439	108.35726761084538	103.82215184050285	91.38085694136981	79.5346206975536	78.66118422716505	81.30310467976398	85.2819134900943	58.87154860915093	2.34
a1_01_buerodrucker_m31.wav	i:	2	4.316	98.65323954359185	255.827	2082.487	2885.523	116.90035228911809	113.78116715572304	104.44680840391071	112.0855668811063	99.85855944605596	102.78368920932846	90.38522934042511	63.90540367390195	21.252
a1_01_buerodrucker_m31.wav	a:	3	4.818	95.98615767629865	589.691	1286.49	3165.657	116.98565656578057	111.4190243536963	94.41640662286972	95.95420462019507	94.8424919986848	88.84601533245173	74.78388770987942	69.752832226304	18.019
a1_02_grosserbagger_m31.wav	u:	4	2.544	105.95299247839556	265.844	2771.028	2870.288	116.73328504033364	117.18943255953032	108.0587382918228	117.59323117594822	112.95905881948869	92.19078829177255	77.93215371490936	60.62757444874768	3.06
a1_02_grosserbagger_m31.wav	i:	5	3.366	95.38123797963992	281.613	1891.658	2616.33	113.5416038526389	113.58515162903026	106.5006971944982	110.98931769406893	100.85156163873161	109.69846606130581	83.38783070054767	68.24179840827686	3.366
a1_02_grosserbagger_m31.wav	a:	6	3.901	77.905132666346	1171.525	2373.772	3465.176	107.14932325397302	101.3100934259829	85.78202421250626	88.2531075380382	79.89836133273408	74.09211063729252	69.87601322549207	68.59654199919099	5.746
a1_03_kuh_m31.wav	u:	7	2.137	148.51704111845785	410.987	2175.596	3081.08	114.477467994239	107.73822149087202	95.9433982222466	99.77553553676235	74.00581450841898	95.65307053464142	69.97640305775903	57.73527400282252	1.07
a1_03_kuh_m31.wav	i:	8	4.11	192.92540615838357	223.111	2345.69	3292.612	119.77981982762296	108.30675243360268	81.13604423616381	120.05598355515534	105.77584481344752	103.6688594104425	77.22815628288701	60.59018890942835	11.674
a1_03_kuh_m31.wav	a:	9	5.389	95.04938231181795	555.769	1088.891	2580.486	113.2349948745902	105.77030190824291	84.42463372399624	83.32762215846952	79.36563134315995	90.95530629483764	81.12161770797513	62.737032472304115	7.621
a1_04_bodentrommel_m31.wav	u:	10	3.386	115.68488419360126	402.545	2311.759	3347.83	115.35672889821376	108.9917091152767	94.6940109478385	103.72585787980542	69.37388256815152	89.7207670786588	67.5528533552451	57.665111727021944	2.108
a1_04_bodentrommel_m31.wav	i:	11	4.315	108.86856815897599	286.511	2114.712	3272.454	114.83308113031532	108.43715960957577	104.60644360308754	104.13299748583228	85.98397828365886	131.7334072732917	81.26727609069124	60.62180781355357	20.25
a1_04_bodentrommel_m31.wav	a:	12	4.687	89.02900532780522	626.495	2283.544	3309.391	112.32027257922842	108.11294107156128	90.86511689192592	85.4369078806097	94.44427995762403	98.44132704160185	77.43727693818903	59.714914296588844	21.432
a1_05_blindschleiche_m31.wav	u:	13	2.907	199.3371510596186	245.705	1943.096	2891.013	112.21003292681206	106.94640904952716	104.59308097688863	111.98284102739707	100.0662606848496	101.23925255821862	75.73305554893852	58.931189796635344	8.75
a1_05_blindschleiche_m31.wav	i:	14	4.322	125.26623540602131	262.432	2371.889	3138.804	116.55500012416064	113.83484757025491	76.08166365240862	113.95323267236687	100.48165129026238	94.99029554295625	64.57193312368092	56.53600980119511	19.872
a1_05_blindschleiche_m31.wav	a:	15	4.851	88.75976235287217	616.806	1273.847	2526.671	109.92630437795977	104.39518427210918	83.54641296535598	78.5587722713735	76.58530154882396	89.93033495443241	86.11688939306772	57.29296177386594	2.148
a1_06_kleinwagen_m31.wav	u:	16	5.96	186.2759235383441	359.322	903.629	2526.598	115.16062033726588	111.51086370978835	99.18686944549148	111.27283176459463	110.08013167413529	95.58491766825563	78.23119445006553	55.03764247628125	3.885
a1_06_kleinwagen_m31.wav	i:	17	8.029	186.28408661269071	329.736	2170.99	3022.353	115.51889376127706	111.4325414163119	82.59224446049514	110.3455655856202	103.21869654470363	104.96785559509179	86.66031367771407	55.84303006655195	-2.601
a1_06_kleinwagen_m31.wav	a:	18	8.837	191.68612388675936	576.014	1311.732	2230.675	113.09138023628358	105.20243849345525	103.2371820127817	101.83432177151792	108.2970550042812	114.49682854263101	87.98390048362154	65.78033125058306	18.342
a1_07_aeffchen_m31.wav	u:	19	3.148	182.59153639481346	349.152	922.096	2745.284	113.26130595807345	97.4896907995057	83.30384338257437	97.3067090196049	81.51763621395031	107.0930078398758	77.55516135225095	76.25918689003137	13.884
a1_07_aeffchen_m31.wav	i:	20	3.83	132.62130790447765	343.513	2198.129	2845.799	112.90413037210001	100.29996648349298	86.51550962720322	100.03061897430739	96.03181559416737	114.60523943480423	80.233597107572	72.64756315825908	0.046
a1_07_aeffchen_m31.wav	a:	21	4.618	155.7991469409917	542.704	1485.711	2599.293	118.38232605284391	105.04838595096874	98.0668085774754	97.42311228165904	107.99552934953716	104.0673192495934	83.34169447189066	70.90933617212654	18.408
a1_08_storch_m31.wav	u:	22	2.784	130.41000388966242	301.403	2344.392	3273.479	117.06565216380568	105.03370378531417	103.36737215266255	104.53835525893551	91.39206964936311	98.55647207557874	64.98328945627331	57.81735656315861	8.829
a1_08_storch_m31.wav	i:	23	3.783	193.94186477245105	344.699	2434.228	2987.716	110.27958556643472	86.026691433774	68.49567081049972	88.69400306063324	96.31536474553572	87.11935045162384	61.26520741764844	57.00820847939635	6.383
a1_08_storch_m31.wav	a:	24	4.636	85.1486392644423	591.759	1283.737	2553.372	108.31399265979425	104.61190976378077	91.08789697646831	74.09841106951679	94.43873852408068	103.32409872863819	71.37342287188636	77.7055625580204	4.942
a1_09_anakonda_m31.wav	u:	25	3.044	192.33321884913076	431.451	2213.793	3690.357	116.53038719519068	101.55222471619496	93.91987461731613	100.89110814045682	77.95163911765665	76.44869474230471	70.14385729305596	59.4010562672965	11.866
a1_09_anakonda_m31.wav	i:	26	4.127	110.83944780735538	258.709	2266.506	3461.945	114.16889854692462	112.513300309573	95.37042441333864	112.87813873299973	104.35202439398093	107.1989589406337	70.12862827919952	63.43598253306645	17.792
a1_09_anakonda_m31.wav	a:	27	4.823	--undefined--	711.537	1339.065	2610.605	--undefined--	--undefined--	--undefined--	-8.20953277715342	-10.488470146819996	18.852742348646256	0	0	-3.618
a1_10_spatz_m31.wav	u:	28	2.205	208.5477576697293	349.254	2653.488	3299.917	112.36873311743923	97.50276575757965	93.70096495497243	94.09300773773337	91.97843230357887	92.69766679839961	75.18256263253572	66.55188113480234	1.447
a1_10_spatz_m31.wav	i:	29	2.89	232.78596390503583	242.512	2096.551	2806.925	116.27886166002934	99.53583896254369	77.32932314632639	116.41140648755695	102.85772586724707	96.4912157532432	82.10771039195349	56.36109354581562	13.458
a1_10_spatz_m31.wav	a:	30	3.264	251.7186108658478	767.045	1063.72	2657.586	115.48502600409111	103.23795287027366	67.99608938099787	89.44560007450276	69.78031271069035	79.90450277911921	83.42650625646114	58.50453308131232	5.147
a1_11_violine_m31.wav	u:	31	3.151	186.55444697951907	268.503	738.654	2700.671	117.76273369174737	112.99021016102573	116.58749141895699	112.36874310432503	116.34782178918886	101.70126334409801	63.010368865874035	57.00766549785898	5.168
a1_11_violine_m31.wav	i:	32	4.361	147.10759532430004	312.013	2278.074	2914.142	117.01723259328693	116.12229813450995	100.08127307270075	116.29809247261616	101.58690575352219	98.59232306870456	81.26578779598836	58.17632441075599	2.578
a1_11_violine_m31.wav	a:	33	4.824	102.80602524979598	339.661	1177.582	2513.263	115.26476286619724	107.45034890250774	98.68569259100008	89.05743243715705	96.23331747789979	112.85317168483775	78.1442179073773	73.47954608672123	17.948
a1_12_backofen_m31.wav	u:	34	2.633	99.90178406158353	347.059	2187.796	3214.64	109.97426623750735	103.9336996715034	107.72156199778732	107.50559409678576	85.11110440301505	76.32231422713798	70.10897062784713	72.26763466195798	2.799
a1_12_backofen_m31.wav	i:	35	3.685	94.32320850916607	229.626	2452.585	3197.453	113.71916925420392	112.53752325529433	100.20292946414028	112.9528379178797	88.09910439205848	83.9767146139805	74.86260165434996	58.58795093089726	5.119
a1_12_backofen_m31.wav	a:	36	4.45	93.38466118806939	602.737	1128.323	2477.179	111.20588536300994	105.5528123143907	90.00604399968866	76.4098542555055	78.59838547461916	101.40325962244376	74.78532559619623	65.10385581361851	2.067
a2_01_elefant_w26.wav	u:	37	1.577	370.26457596283257	373.934	2194.294	3082.094	103.09852288134638	94.24182338214322	90.37991615826488	103.12611160045546	66.11613707841911	66.22757525370221	64.27165375945604	49.45869134677119	14.912
a2_01_elefant_w26.wav	i:	38	2.757	314.93311040139696	316.818	1306.812	2812.435	84.55558367975154	91.9247907277925	78.77691442549377	84.0001519453708	79.32935228369541	113.45676310953307	60.429249788902275	69.37114692342452	12.404
a2_01_elefant_w26.wav	a:	39	3.668	262.10890015149505	917.934	1425.214	2807.277	104.84088642181999	97.00924095632502	94.93765032912158	84.14314785686214	91.40841066172021	111.0142746524395	92.56637941219464	73.0306052119849	30.086
a2_02_dompfaff_w26.wav	u:	40	3.793	495.93465384828886	506.375	1091.162	2355.628	73.58619959274313	84.26414232764827	79.24776999329201	58.89363231846919	86.65386577035493	74.64078851012798	59.09441248957381	48.58330969197646	5.461
a2_02_dompfaff_w26.wav	i:	41	4.761	425.9564181540847	472.242	1140.007	2841.596	78.41551937245691	80.1021743063417	74.88447337672025	59.57368306646984	72.68194925365071	90.9051581395064	58.598636254790804	51.855544067729944	14.714
a2_02_dompfaff_w26.wav	a:	42	5.175	384.03888614712986	633.451	1063.784	2800.644	90.33842930792483	72.92463005213799	78.88710351485825	63.39035601533475	77.67180070610544	67.19442913092215	71.83379855099732	44.004491761970776	16.984
a2_03_gecko_w26.wav	u:	43	4.197	348.97180246769227	359.045	1391.268	2771.484	94.735205967638	91.0986685952486	93.11580610368813	93.94428282252633	93.02616888345798	106.19039196252727	76.84018944148556	59.64630066553919	19.232
a2_03_gecko_w26.wav	i:	44	5.133	302.7747905610968	303.932	1130.29	2721.394	115.30616653887782	89.89735324976476	82.03934990075899	115.31620844089869	79.7662173502073	92.91674555334492	57.706669557381495	63.84775992706813	15.84
a2_03_gecko_w26.wav	a:	45	5.526	280.4390106372223	314.094	1860.161	2529.839	101.93847549318255	95.07394737801792	106.97658069048323	101.89472981878177	93.89241635279484	78.42438431518649	82.95286124266825	54.666983517893335	9.11
a2_04_kleinerbagger_w26.wav	u:	46	4.962	290.0464612194999	300.704	2292.212	3099.351	93.45661876026062	102.58763449144605	111.91780798940198	88.63319895854303	79.0561968295701	78.02608623265624	75.39986461355679	58.93193859582722	14.289
a2_04_kleinerbagger_w26.wav	i:	47	6.258	298.2184069042054	277.655	1245.775	2744.18	102.18523549530147	74.00931322423273	72.04016906582642	101.95200702811051	72.75941040870953	106.85976624232154	56.72764892570845	60.2079040271193	10.614
a2_04_kleinerbagger_w26.wav	a:	48	7.301	254.2056907136582	803.53	1549.574	2915.098	105.47475006159081	95.01847640381843	96.10824537057049	94.00136121247635	88.17280965651528	85.18798970174548	79.84214691964507	54.19885396170609	15.61
a2_05_igel_w26.wav	u:	49	1.518	327.8007950738998	357.712	1583.644	2640.409	100.66610284253905	97.36039825732813	101.62182463454752	92.05559946989442	75.05379008842235	102.4240628791307	73.30209690232094	61.29665062561892	17.492
a2_05_igel_w26.wav	i:	50	2.274	273.49163855893596	279.871	892.254	2812.793	117.98396587324964	98.42713498657653	81.82950679000787	118.02725069046497	92.61954036272004	102.37223200868789	52.484785448000046	61.46599626213331	12.42
a2_05_igel_w26.wav	a:	51	2.711	259.03874723850856	815.34	1789.232	2834.672	107.35416867597584	97.32646834685862	94.77780168390622	76.09459210464931	93.80385353838065	95.5861242113221	98.55282295528056	62.075328993791885	13.691
a2_06_kondor_w26.wav	u:	52	4.593	328.6147296771004	369.355	1068.427	2759.573	101.58798449834308	95.80670082554909	99.09263114196563	99.42630358737122	93.04772342027142	100.50071053887488	87.95803571252712	64.7813310046877	11.165
a2_06_kondor_w26.wav	i:	53	5.574	292.43786078869965	299.875	1626.679	2701.299	99.21216523075563	94.46476288124687	97.27233224611314	99.1621300797458	98.58354601455633	91.77771050606884	72.66952847536373	70.49330520715276	10.633
a2_06_kondor_w26.wav	a:	54	6.454	252.58880165112282	890.459	1689.541	2839.809	106.6912205562039	99.90088809244125	104.6188241142171	103.84122090621833	95.47878500869149	90.7068189465457	99.60761558137702	54.36515224442421	18.4
a2_07_armbanduhr_w26.wav	u:	55	1.823	293.01624894868945	302.642	1047.124	2894.805	89.12552432233255	95.94611560542816	92.84123977218732	86.81975376113266	85.50272159519855	84.72407817672831	48.59236497310059	48.450225120581074	12.396
a2_07_armbanduhr_w26.wav	i:	56	3.303	290.27150931072794	290.361	1393.52	2770.108	111.53603430673036	78.24077830781654	75.07820829276967	111.53681477882489	72.73412100071909	94.14214555458149	54.82419118728533	59.161214439757835	10.104
a2_07_armbanduhr_w26.wav	a:	57	4.176	264.66135983067124	981.131	1622.499	2825.924	102.08394561105173	84.90443874890656	47.10378844243914	63.56166896082606	43.31244735621254	66.28023557674416	66.07416271947375	54.46935019759536	12.668
a2_08_handtrommel_w26.wav	u:	58	4.136	260.83878583148555	287.267	995.156	2688.796	66.11450055590706	61.33065619896091	68.23624972228163	51.49409832078972	72.46019987208308	93.98399507396157	49.37053822867021	47.19240544946516	4.199
a2_08_handtrommel_w26.wav	i:	59	6.221	258.53162635807087	1620.965	2867.584	3933.091	87.87173111104352	53.29706161237092	39.710614857606565	37.53248420623291	53.76520811351729	62.857979458785096	49.6953407906784	48.95492914882182	5.011
a2_08_handtrommel_w26.wav	a:	60	7.072	258.0741109986328	922.802	1502.042	3024.216	108.18515604230045	98.27984825869896	91.9280984527905	101.23729208040854	75.1988805467749	94.24838757314808	90.67058816491885	65.08885532564146	13.845
a2_09_industriebackofen_w26.wav	u:	61	5.732	264.3165224617014	291.381	953.26	2844.999	100.33428755801759	98.39282641199901	82.18440035779766	99.2935383219191	76.58485859802828	92.16556820267148	66.45077432132612	62.55278951739203	12.555
a2_09_industriebackofen_w26.wav	i:	62	8.328	270.72347417041146	252.301	1596.831	2758.762	91.3175180637863	81.86240540865279	72.11747334565477	90.088799649877	62.406948291107625	89.21332840671495	52.390088639500696	55.10145304006553	0.885
a2_09_industriebackofen_w26.wav	a:	63	9.878	254.3493933118279	918.784	1510.17	3036.661	106.90858245026271	98.47045748433537	99.03866457732893	99.75103814392183	76.74459880592623	71.43757790685771	76.48115616974474	51.61305305701277	14.087
a2_10_kirchenglocke_w26.wav	u:	64	3.678	275.99817258559085	290.95	1097.786	3008.125	94.59577497447953	101.5913258542471	89.4291582380565	87.19875638911708	89.2718867006126	97.37981216775432	60.617353823902576	49.12978251750598	5.136
a2_10_kirchenglocke_w26.wav	i:	65	5.184	266.95639206741225	267.091	1462.277	2902.379	102.67292347481308	80.51601947231202	74.73464591354849	102.67476349342442	69.55577921000611	93.6729729278889	52.800858327804924	57.2819099435153	9.482
a2_10_kirchenglocke_w26.wav	a:	66	6.235	266.70199271497137	883.176	1783.95	3107.451	84.55993325265189	51.99939690763856	41.2934633188507	43.4361131460969	45.526927018052504	60.70531771990422	49.75675808565719	49.58502396565581	7.953
a2_11_jumbojet_w26.wav	u:	67	3.695	274.41668250712166	376.983	1101.764	2763.755	110.45133297604146	104.22864063017465	96.83937393011877	99.77400413258138	96.90855439009263	93.19020779709525	59.96404100108056	50.60225567269815	14.436
a2_11_jumbojet_w26.wav	i:	68	6.368	261.119420225384	265.869	1302.311	2623.706	110.99985747976912	97.89375338521785	84.30148895543272	111.04837222321306	72.48382862161793	112.75327446632292	67.44712368589556	61.65863356333172	17.587
a2_11_jumbojet_w26.wav	a:	69	7.376	242.20785094991155	979.604	1573.672	2913.177	109.82445737647473	104.51503262196898	91.54173944180664	91.44277916252037	82.07024643247803	97.9808438226298	86.85049371926517	58.407008556992295	19.657
a2_12_krokodil_w26.wav	u:	70	3.025	286.6312270545945	351.517	1195.436	2741.842	108.85441239476766	105.86511935986638	96.3743227244791	106.84863710042922	94.28181560968538	105.64913216666075	75.45357228086844	61.55999861558744	18.01
a2_12_krokodil_w26.wav	i:	71	4.516	290.23359693885556	278.59	1061.998	2754.766	112.56367588212606	79.333086891883	81.49346289822722	112.4389301366854	80.55975036727831	110.92318168392886	63.35067619316392	73.22920866776145	7.605
a2_12_krokodil_w26.wav	a:	72	5.557	259.33441859538516	978.303	1654.178	3508.065	109.00256485179278	99.0555524295039	73.86660143395807	76.24743356187908	65.06690460586512	78.67958591662324	79.67598278515153	65.35932278358393	17.415
a3_01_schildkroete_m22.wav	u:	73	4.174	50.255234993105226	375.957	2132.31	3734.05	64.91553158547114	85.6411144071682	95.30882645928591	78.16811243013598	79.6543535752413	73.64223508443042	56.14483818614011	39.19286031816699	2.417
a3_01_schildkroete_m22.wav	i:	74	7.164	135.32904440141058	268.184	1961.196	3054.777	99.27660400151775	89.10828826397565	87.15237346226864	89.05949116141691	80.59382871872191	85.26648875913833	71.59551064049562	80.62813876941331	23.315
a3_01_schildkroete_m22.wav	a:	75	8.253	51.09226986678852	646.339	1224.368	2544.389	80.05964923895674	85.2130449644081	97.7101846622702	97.56504020481253	101.39572623021193	104.50270279857867	61.54968020620032	45.47442789476766	22.116
a3_02_SUV_m22.wav	u:	76	3.067	115.51482319773295	808.316	2268.571	3511.858	110.08621637106805	103.30530646195545	85.54858816227888	59.04838876294963	46.79953487979988	63.39849766527393	54.12641283697029	52.989489353499536	16.827
a3_02_SUV_m22.wav	i:	77	4.153	111.789122330161	296.661	1720.134	2761.803	110.20236354820369	107.77373832132594	91.08796579656942	110.07435417004194	83.52919617818445	91.13334031713723	66.55891895665023	55.16445311924045	22.356
a3_02_SUV_m22.wav	a:	78	4.634	104.73165151728539	448.985	1021.345	2401.75	103.633193296905	94.95698342785164	84.48298702485454	82.51131914234224	77.41617442413117	87.10689503668785	65.12118569606888	50.62177194914602	3.276
a3_03_kaninchen_m22.wav	u:	79	2.035	205.83583069731304	353.83	1013.856	2663.896	120.92451787059971	115.30539895013675	104.2683338250938	114.42566988896004	110.11854028609477	111.2069566633852	71.49465867803282	59.55082506747425	22.131
a3_03_kaninchen_m22.wav	i:	80	2.859	179.57586578963452	260.314	2592.904	3719.505	114.87046032134693	108.54765747308971	106.51584278715882	98.42332446041476	119.45145298032774	114.53864664612941	78.78877044660699	73.38362477704922	19.046
a3_03_kaninchen_m22.wav	a:	81	3.104	129.4050466204656	771.69	1641.01	2414.282	110.42833033545463	103.83351465911518	101.42502759031746	89.26168768831836	80.09424220361376	92.23654557581246	83.99334759766866	75.61695295730188	20.018
a3_04_blaumeise_m22.wav	u:	82	1.232	527.3211067352846	527.841	1937.159	3700.656	94.89259317318192	108.85820711369303	91.27448795694349	94.88625090681784	87.69547228828567	115.67309751738749	87.0027591791034	61.87004849072434	13.977
a3_04_blaumeise_m22.wav	i:	83	2.058	413.13805256630826	418.81	2506.263	3355.309	119.32619853803905	100.59563424315363	78.27321354254624	119.37103970659206	99.04967246384689	100.98272300990534	81.89871768878318	72.52334723058608	13.876
a3_04_blaumeise_m22.wav	a:	84	2.355	288.0797224277524	821.078	1747.557	2731.12	110.44571750018964	110.2712748205042	109.1610644259958	102.06879603179249	108.1791218888713	96.57445638542073	107.48908070040385	61.69673195646523	18.186
a3_05_wanduhr_m22.wav	u:	85	3.083	--undefined--	685.143	2448.549	3670.775	--undefined--	--undefined--	--undefined--	-0.4165561871160719	7.31971788794209	11.14594734275469	0	0	7.696
a3_05_wanduhr_m22.wav	i:	86	5.609	134.04579778924662	341.984	2046.199	3371.7	106.26391176391061	98.9044505979262	72.54051848282323	99.36823616577223	81.92486639028132	104.5726245964157	66.74102380275392	64.95382693928022	2.824
a3_05_wanduhr_m22.wav	a:	87	6.841	120.14663074400617	549.981	1075.178	2703.67	104.72791288690314	98.2386137656107	90.08631261697367	96.93422206056455	91.72819173184332	81.11210992831585	55.335431516161435	48.804289701723334	21.259
a3_06_kleinflugzeug_m22.wav	u:	88	1.535	124.82181922506264	376.689	1031.609	2277.615	104.18371541121206	100.1493320404472	96.08946825382192	95.6493291536423	97.47161473503559	87.94426023181526	67.53947365075817	52.056655737404036	21.716
a3_06_kleinflugzeug_m22.wav	i:	89	2.496	125.63677215626711	404.127	2270.278	3138.148	107.54636052433801	104.77104863184971	97.06520762078078	105.11195209513578	72.86742687012442	79.36777979841261	74.17326136923356	57.465268838471275	23.626
a3_06_kleinflugzeug_m22.wav	a:	90	2.781	124.09558676679784	617.948	1203.64	2328.073	105.54917379273076	99.99598887410849	99.65615238190146	91.80912220262152	82.61521347330836	90.79216518938016	65.97644134607717	57.4763283479937	22.229
a3_07_gloeckchen_m22.wav	u:	91	1.829	312.53417071673545	389.814	2229.644	3384.895	101.24699083699818	94.86645671200941	91.44822475750685	98.51962271094692	71.76133942803182	95.99962993248174	69.8360131360227	65.92724221782716	13.803
a3_07_gloeckchen_m22.wav	i:	92	2.961	305.69727331789517	319.812	2314.106	3191.174	91.53712835674345	98.74297803966171	77.73369033875088	86.01653148009626	106.00228086510452	110.0022165468588	78.07326514637674	54.52851163454092	13.568
a3_07_gloeckchen_m22.wav	a:	93	3.488	305.13312772387815	626.088	1398.644	2411.238	113.16712366378636	97.1507115443255	112.10429219159204	95.72768129586242	112.15404641192956	108.06482446783338	85.04461836851897	66.71455525363527	23.167
a3_08_drucker_m22.wav	u:	94	2	129.71373723281317	364.412	2330.207	3970.731	105.2624363262087	102.12696590458813	85.62805802511558	94.7256537070054	65.5605891978604	94.27619750547046	69.84627721458324	48.38615559385991	21.091
a3_08_drucker_m22.wav	i:	95	3.649	128.95917682831725	274.931	1964.304	3302.083	104.99940975430582	100.3347962972029	91.27149560540849	100.28287010937495	100.07267638648658	112.30351701497494	79.39840905772775	49.99132489152302	2.719
a3_08_drucker_m22.wav	a:	96	4.309	127.30081714706874	585.225	1066.951	2609.527	106.1570525102228	101.40574608290342	94.08920789784366	90.50673500318388	93.87628450338212	91.10946915104545	65.17628342855286	49.23177938298724	27.796
a3_09_komodowaran_m22.wav	u:	97	2.044	115.99158569632267	422.82	1569.911	3762.223	104.68445366197092	97.89422514975257	101.87701660618178	100.34094406931196	92.41423269993737	100.88997442320249	86.97968467297385	51.95191502616737	0.865
a3_09_komodowaran_m22.wav	i:	98	3.351	116.46918810292219	330.109	1697.475	2086.972	107.23950885352164	102.47240287843087	98.85892468225857	96.53868205000842	110.92354582511523	98.29487183174645	75.1217537780278	51.41366386634989	21.777
a3_09_komodowaran_m22.wav	a:	99	3.754	109.29878258989908	605.481	1031.805	3421.055	105.90892918596941	105.51834576891542	99.90314850766983	97.19434417949425	96.51331645143294	123.09000763785275	88.13308371785295	53.013691817896806	25.852
a3_11_baer_m22.wav	u:	100	1.141	144.87349835095998	792.769	2216.482	3433.109	109.25860922283859	108.41003797202886	79.61670443094289	67.37793623586809	54.876608938894236	71.49654664320583	58.011186066449	49.43924323026506	1.96
a3_11_baer_m22.wav	i:	101	2.085	131.63254197357264	254.31	1754.005	2725.83	107.28362130382925	101.74480586819412	90.83327763813176	101.54544112753769	98.66382989730434	107.72449621239679	67.50411855049852	63.23237991635648	4.036
a3_11_baer_m22.wav	a:	102	2.471	116.47064283200729	477.569	1071.067	2377.441	102.82813641974059	96.15519432602065	102.54965483451679	102.5401969159434	96.23941054054688	72.96179008548316	71.38090881981182	51.508197454666174	22.19
a3_12_kontrabass_m22.wav	u:	103	3.509	140.12992601489458	269.684	1190.634	2303.114	103.48179995815607	86.82722424820165	84.55611700743782	86.05039361846136	89.07318803432743	78.58348712141571	58.8145012622573	55.93727263057489	16.043
a3_12_kontrabass_m22.wav	i:	104	5.731	130.07737766540785	238.665	1874.921	2571.39	105.26150109330884	93.1939908963626	83.6641769454892	91.67595925665965	86.6189096901347	108.85226189703945	65.07156299110291	76.67398458372777	6.41
a3_12_kontrabass_m22.wav	a:	105	6.714	126.99931143396063	479.353	755.306	2446.953	106.9922029460769	101.85236039792339	97.2634237201081	106.28587950068649	80.52456943554309	124.62791323060637	82.00380527425008	49.666830445280965	-1.442
b1_01_SUV_w20.wav	u:	106	0.9	240.76345338034972	404.214	1740.199	2953.699	105.34916453221305	88.25867068366698	77.3138329420612	80.96189827302223	86.78058934125325	92.82519182629005	71.49017848967644	63.29324854638537	12.624
b1_01_SUV_w20.wav	i:	107	1.392	213.97046334553377	375.409	2496.806	3143.097	112.25749536054713	98.41614194600231	88.95413952909506	97.20209727705357	92.98116300218487	78.06123714903143	69.59137567725588	53.018681718465395	13.031
b1_01_SUV_w20.wav	a:	108	1.667	197.22561822367535	920.804	1790.338	2743.322	110.74007101986435	101.25256891449193	98.2776714810804	96.63684618319482	85.39917452680191	96.78693231411717	87.66368337549335	70.2194648786175	20.148
b1_02_anakonda_w20.wav	u:	109	2.738	245.7572526381329	400.461	1729.799	2700.005	108.7173056182929	97.5793759300278	87.78215546747091	86.68722447207351	87.11680761503848	94.84832819294972	87.09243545496192	58.1667492437696	18.458
b1_02_anakonda_w20.wav	i:	110	3.508	214.25722514782365	271.121	2713.161	3405.229	114.80757897840371	105.36702169563799	95.7834670869598	114.2364891926216	85.37986794216036	91.22501591210428	64.22248466899224	52.791943280207065	15.608
b1_02_anakonda_w20.wav	a:	111	3.859	195.07896779271576	898.063	1544.326	2779.05	109.7962576517167	99.04248771058121	93.80987446492301	92.28892448682299	86.8491104862643	83.6218868938866	71.20901975531132	67.64063492800213	15.9
b1_03_kleinflugzeug_w20.wav	u:	112	2.664	235.75415236186828	333.385	1203.459	2981.461	109.08055268997062	98.42134421821616	82.22951653754424	105.6885697609639	81.70912056632496	105.44551987299238	67.74120573918131	52.78061391097712	-2.858
b1_03_kleinflugzeug_w20.wav	i:	113	3.502	217.81217895512845	318.83	2609.552	3246.686	117.1478520254725	108.5832808103177	88.93170958726905	107.09809456126487	88.72404594546182	64.53518054071995	62.28275789684851	50.86494324812474	17.492
b1_03_kleinflugzeug_w20.wav	a:	114	3.841	201.0048059490756	938.914	1756.661	2675.596	111.57632820877441	101.82188902466385	99.65672779140912	100.19500020450369	95.29566348136635	75.94730338414993	94.36465701125687	70.80058541187756	19.356
b1_04_drucker_w20.wav	u:	115	3.317	213.5277781500412	308.918	1284.911	2722.903	103.87312424791267	98.81900787616948	87.56089572622952	90.64618911132548	104.70986545150225	102.31404997575079	74.5773807490029	53.82321266538146	-3.254
b1_04_drucker_w20.wav	i:	116	4.324	206.95256172911868	369.422	2478.195	3116.536	116.34290199827232	104.90566732521167	78.36211821824202	104.66445841481334	79.33910907957221	70.98791839932568	66.29206332376101	55.995636003209206	14.697
b1_04_drucker_w20.wav	a:	117	4.655	194.15026981578336	922.419	1638.276	2563.287	111.12559388492613	100.30749381164495	94.6078080081283	90.97983505448529	92.81924756432963	83.31669335144876	84.87101673355835	67.9206187918568	22.014
b1_05_gecko_w20.wav	u:	118	2.541	242.34626115403282	290.744	1442.212	2723.144	103.89344749667477	102.73517814995422	88.1822593658443	98.99350460968657	102.96595589898388	90.25331840153652	71.24986689150221	70.90599155053555	13.937
b1_05_gecko_w20.wav	i:	119	3.141	211.0033845848846	292.831	2563.587	3208.27	115.21447776865607	104.92709957430223	93.0127590498241	110.08195736874423	86.33537378649862	74.17600901804974	66.92124933028839	50.12539981937395	17.203
b1_05_gecko_w20.wav	a:	120	3.459	200.68518335307388	910.1	1686.639	2480.79	111.70246033347564	99.33872949877428	83.25833260516896	81.74634442951323	72.03300058068537	76.76950479007216	82.36668332241311	59.029768238513554	20.11
b1_06_kirchenglocke_w20.wav	u:	121	3.644	234.66738370684195	256.743	1036.822	2578.537	114.31535256729758	103.93589128328668	105.20263229170139	114.58295412439568	107.25575204845151	96.97561438258751	58.82505697913396	53.36974516228388	9.653
b1_06_kirchenglocke_w20.wav	i:	122	4.574	219.08648634408686	330.383	2672.955	3355.165	115.89400692467356	106.2612065820403	98.51623426469311	100.96819916058934	98.98213621984993	96.20273059898322	69.12882791418566	53.00261695270544	14.619
b1_06_kirchenglocke_w20.wav	a:	123	4.908	190.2043710058139	857.94	1668.11	2609.662	111.2435818358529	99.91248204308017	91.15049123448065	89.23547427772056	81.71386655421436	81.70960034518232	85.33156726272593	71.52950550630645	19.331
b1_07_storch_w20.wav	u:	124	1.155	234.91408820654968	316.98	1486.147	2608.722	108.32452316970029	103.80945433678171	93.92882589973496	93.06741215101964	95.35143835238519	92.27467215769194	65.47728267781117	54.29152949902936	14.156
b1_07_storch_w20.wav	i:	125	1.778	216.9297671192772	299.523	2571.365	3393.333	100.18546105896695	76.47761844483063	59.183741124496606	92.82963818083397	73.41485566094174	73.53728941658642	61.039959818826716	61.62534551859518	11.242
b1_07_storch_w20.wav	a:	126	2.152	200.24121088183867	908.206	1621.161	2578.456	112.8572590321088	102.37311438282555	96.42122497629927	96.04913516148805	86.9039178277922	87.50262103939875	92.38620909978562	69.13679783831871	20.331
b1_08_kuh_w20.wav	u:	127	2.668	235.14947126429934	301.192	1372.597	2845.681	114.30816709883219	105.4533404682537	93.84951127964281	113.63870924844343	83.24900685751483	85.01951160338221	67.89970215394656	54.93972128595114	14.852
b1_08_kuh_w20.wav	i:	128	3.227	219.9445270218507	301.813	2747.315	3233.199	106.79341566171067	90.20583033337947	72.2625752335044	104.68984709241137	86.52256234794045	81.0336736595573	63.31658299442626	58.484392945627164	4.717
b1_08_kuh_w20.wav	a:	129	3.598	199.9698834498109	912.723	1671.811	2728.405	113.8202631961658	101.63472788159282	91.98251001980312	85.9161265857044	85.41972606933254	91.75171338492598	93.0072908766632	65.75113249960299	19.948
b1_09_violine_w20.wav	u:	130	3.134	233.66109086173523	364.462	1333.251	2855.208	112.15700134223964	103.05496001265375	95.24957598370966	83.4028770136763	94.25257152575996	96.50507668740465	60.196187054062875	53.881635256138445	15.932
b1_09_violine_w20.wav	i:	131	3.636	225.65349813021552	327.294	2614.548	3229.378	104.44672139465038	82.72608767470386	71.60792727005719	97.5015516412701	86.78166858779274	75.29910980722966	62.703566423706405	55.71308160956377	3.85
b1_09_violine_w20.wav	a:	132	4.047	200.14328222735486	892.799	1556.391	2450.692	113.35298633695733	99.33336068977266	80.94162654322164	78.94656323168385	73.25818154648715	73.64613749854755	69.32125768839163	58.3759876869048	16.73
b1_10_aeffchen_w20.wav	u:	133	2.1	237.37686605028964	413.641	1580.927	2801.263	111.15189825672957	96.18621223667398	94.01835376987245	82.90523342723978	96.25843930237934	99.14893435064009	81.4819407230413	62.608242865326574	1.504
b1_10_aeffchen_w20.wav	i:	134	2.625	228.8244759613785	358.503	2533.613	3169.264	116.05866598125615	107.18071882596448	91.27639351157562	95.0593105727446	95.87837807677523	80.4918091089397	65.11207470597225	56.722417591778836	14.331
b1_10_aeffchen_w20.wav	a:	135	2.916	208.66468876486738	839.39	1622.826	2708.387	113.6758872955655	98.81656910137097	76.5387088989209	76.49569836557143	73.87056287051776	93.7455864742353	83.9441875901771	64.38207633898988	22.665
b1_11_spatz_w20.wav	u:	136	3.01	268.3835583439994	365.079	1585.916	2919.185	109.1610640479153	103.61045004704027	95.55933119655535	84.28214269786581	95.35828043532076	93.73104822009381	73.19085309983325	65.31245646769655	12.008
b1_11_spatz_w20.wav	i:	137	3.849	246.18107705774867	351.68	2563.87	3184.515	119.38571615600311	108.16802228891537	90.47780186015245	107.74649520477573	85.03497299186239	84.86386442436567	69.63017095441509	63.92049074035918	16.227
b1_11_spatz_w20.wav	a:	138	4.203	226.98766487456697	826.108	1694.703	2758.035	115.99956622278029	100.82392058818796	95.57865248086557	95.09509329972819	91.781692000368	87.72444073329945	90.8724371318881	66.64954751007548	16.038
b1_12_wanduhr_w20.wav	u:	139	2.568	243.65709391736553	291.277	966.919	2598.811	102.59847130487229	104.16934627230532	88.97182860290141	100.01764870435167	88.77750865129985	117.71166803515976	76.05429697119533	80.31600072406205	12.217
b1_12_wanduhr_w20.wav	i:	140	3.484	210.07520893734196	328.384	2634.452	3482.114	114.81839169043256	105.8299860181714	86.77495495052048	97.23657246883721	95.61729976153481	86.53004692145602	59.517482149645105	58.805245400597464	16.989
b1_12_wanduhr_w20.wav	a:	141	3.829	200.04550059401672	903.535	1657.409	2748.442	112.71239855306365	101.59795850068943	91.53510248072374	90.91607648799989	85.12019449711318	82.39050865579853	87.07181523601781	59.573219121345325	14.204
b2_01_komodowaran_m27.wav	u:	142	1.638	92.14396447570611	668.869	2252.319	3448.643	107.11200041193862	103.26891243829667	91.18558933040461	66.13077023185129	63.55856674508425	68.7068236982969	59.82656419419033	50.74296529961288	1.722
b2_01_komodowaran_m27.wav	i:	143	2.717	90.23705194866237	247.705	1943.023	2504.412	106.72087626358609	105.29037916189966	97.23744152410835	99.90454574475525	117.58812227808335	109.92721734505432	93.09258719973663	55.049982536023194	26.157
b2_01_komodowaran_m27.wav	a:	144	3.2	83.92746693073232	614.535	1266.138	2077.033	104.61804433880005	93.02509511148546	82.87147693687132	82.47087002668762	96.67905638013038	87.29417329206008	82.03891256659092	52.87234080822466	18.565
b2_02_buerodrucker_m27.wav	u:	145	2.158	96.16388790603672	356.745	970.95	2601.273	106.17460739988894	103.73436330519534	94.69369427991523	96.83607062265082	87.4139649707221	92.83186314334115	64.52437081509211	62.81486130028871	21.641
b2_02_buerodrucker_m27.wav	i:	146	3.541	99.36161036823383	271.074	1888.398	2618.342	108.24204003797911	103.02658924319836	97.08016794405512	90.74842668344624	111.29587575388027	112.32000722385509	85.67088675594802	71.11920728103242	26.288
b2_02_buerodrucker_m27.wav	a:	147	4.467	97.57586622275336	642.593	1256.348	2300.34	109.94390123267328	105.69402683136737	99.60539465936074	96.2383125006674	100.9361323530795	98.76405071355644	86.69717563687612	68.93895328032352	35.694
b2_03_kondor_m27.wav	u:	148	1.045	197.86064844840686	440.593	1162.249	2567.999	107.17180990806517	100.96312189520543	84.55896858124726	99.28728565358875	86.09138145935451	89.5194160948947	74.93228928073502	65.54298954828087	10.527
b2_03_kondor_m27.wav	i:	149	2.213	144.7519947724145	304.847	2600.345	3128.388	101.46502795545995	100.68190002898507	91.76070815853691	100.09803781533238	110.73947088025163	103.60460035038165	68.35701894929565	64.07396040275633	22.306
b2_03_kondor_m27.wav	a:	150	2.993	191.19324736845635	864.982	1605.257	2517.418	100.80936610125073	88.27266314165807	65.44154785572834	72.1638763463855	82.23721930346653	84.7644885168508	75.49889891727992	53.52692971328768	15.51
b2_04_backofen_m27.wav	u:	151	2.879	84.18199186803317	897.048	2174.523	3330.729	106.98201289561973	104.54580323564873	99.97244291185923	63.64101484365523	74.94695702946457	85.50536218334932	71.56523917321488	67.17082292360253	1.86
b2_04_backofen_m27.wav	i:	152	3.761	82.69057744798232	240.706	1940.488	2567.526	107.65875125304629	108.72649815428153	97.67061799001834	108.5173792172281	99.33968804856681	97.02293940958518	89.13599926836226	52.99596372735016	27.344
b2_04_backofen_m27.wav	a:	153	4.271	83.19983583804054	608.107	1244.928	2092.791	109.33144472570059	104.66613158269283	99.60393884555536	102.72816642432662	102.21895867101793	109.71453342250032	95.92570651157837	60.409054100387635	30.785
b2_05_igel_m27.wav	u:	154	0.987	208.1248662177053	1190.409	2259.147	3307.788	106.12959973405546	92.19471806066556	65.12994571862764	43.12670961557043	54.89216756676566	63.21924143689678	64.77990705013306	53.88614241303004	10.907
b2_05_igel_m27.wav	i:	155	1.805	198.88465766319334	230.064	2158.1	2951.339	106.74718061705579	89.09168053246316	75.24165412838215	106.32585864392527	96.91629152639561	83.008177087155	74.68727685329446	66.52797676253847	4.139
b2_05_igel_m27.wav	a:	156	2.19	84.98124307722837	620.608	1484.599	2184.543	91.61983601064958	106.68117202288876	95.17928407279322	84.40236719412493	104.61228013942906	90.1874882012713	85.28467928547175	67.14898195117517	29.151
b2_06_grosserbagger_m27.wav	u:	157	1.422	113.32859400609664	282.975	2725.756	3123.009	114.78801978622707	109.7719915638908	95.35317097919756	109.11603052501479	77.61626499720397	69.21028305523058	79.01093470743469	58.09038431265276	21.833
b2_06_grosserbagger_m27.wav	i:	158	2.365	91.43595246646395	242.671	1830.809	3124.12	109.60091715796749	111.56772026137426	98.11012140655494	110.45917199196369	113.75810741055217	111.34189206525167	93.1870174658706	55.72283632733623	25.818
b2_06_grosserbagger_m27.wav	a:	159	2.911	83.8909972578967	587.366	1053.242	2214.976	108.32420461234962	103.94917332098106	98.86945879460961	102.76593135159737	100.3449272783441	97.33382680679735	79.84143041699062	56.678780167523264	28.26
b2_07_kleinwagen_m27.wav	u:	160	1.352	106.5269785796375	321.642	2251.145	3286.731	107.82222148399833	103.4652249597417	89.60492134807194	94.52504515303957	85.90587634601432	92.82409796715558	69.3334994415131	54.1500604697857	19.3
b2_07_kleinwagen_m27.wav	i:	161	2.218	100.93597591064416	221.472	2092.024	2678.068	103.03258483938883	96.90775008466281	98.33592285195832	95.60733043122784	106.50627731602133	108.44470284515693	83.1257081288493	55.16347501870597	24.909
b2_07_kleinwagen_m27.wav	a:	162	2.812	88.97563482507277	617.339	2100.154	3092.612	102.66154211171758	94.32053694793234	94.03222767819497	87.41036425603932	83.94946009244808	75.20306668809386	74.99590382887268	46.75266132144068	-4.969
b2_08_elefant_m27.wav	u:	163	1.435	103.95155295606436	432.713	2004.107	3193.428	111.91154639961266	110.72883397369141	92.27889693806826	91.72294449933963	81.06785012581872	91.28160755751819	81.53828991284357	56.786194270103024	0.412
b2_08_elefant_m27.wav	i:	164	2.582	105.43224519974785	1849.112	2299.777	2980.089	111.54064409993357	101.7968391396125	101.75020167374535	70.98679286593294	76.21019185020043	88.41120760920492	102.84868263250557	49.30999834066842	27.839
b2_08_elefant_m27.wav	a:	165	3.092	92.1570274629104	750.213	1194.388	2980.909	110.21879597536743	102.83431060002484	97.98134321649803	99.82760559662415	107.47082224328572	107.14620122005923	84.053701376542	59.596198319137386	28.993
b2_09_bodentrommel_m27.wav	u:	166	1.487	119.77253062215819	331.023	2303.144	3179.265	110.86624427916851	109.18225973930596	98.48767477329402	107.10360393435714	102.25130402356626	99.17139347794159	65.9673073451503	77.67074618239889	17.519
b2_09_bodentrommel_m27.wav	i:	167	2.266	106.45830170612786	252.854	2075.918	2541.382	105.40951450905031	97.13189752464639	94.86938535696734	92.45824231545518	107.04058830133604	105.90908344964119	83.76423989057656	63.27601495380684	14.967
b2_09_bodentrommel_m27.wav	a:	168	2.898	96.32759666294238	632.89	1306.969	2209.858	107.29352628263689	101.88961508686882	99.68686843549142	81.98907051194053	108.40531305835822	92.60312539058766	81.76682349327646	49.88096797998586	23.435
b2_10_gloeckchen_m27.wav	u:	169	1.569	331.69701452491904	328.248	960.057	2394.206	87.94470653584597	67.99282867896667	76.27656307445031	87.90757238259586	58.464122295134636	94.16211736367212	56.1035464772414	59.418638324025856	7.871
b2_10_gloeckchen_m27.wav	i:	170	2.638	300.1993937817027	311.432	1969.497	2881.592	94.20138555186819	63.120933264642204	68.29722072322586	95.63425682220652	66.70089682012886	78.48884900236064	56.01787050842254	59.3253212368601	2.233
b2_10_gloeckchen_m27.wav	a:	171	3.28	226.2843685834012	581.15	1429.308	3177.248	111.89119818445879	103.56055673099519	88.60017699718478	107.5218376898566	86.36636958936947	73.3640666194022	82.2085887051158	74.04604659167876	21.017
b2_11_blaumeise_m27.wav	u:	172	0.979	360.09889701375266	335.516	2362.755	3377.171	100.99317115154436	104.11099841180534	104.15571776947993	95.42971933992507	83.35340589760308	91.01354542086543	73.67189362324238	55.41969095442194	16.824
b2_11_blaumeise_m27.wav	i:	173	1.88	--undefined--	1364.536	2552.375	3934.07	--undefined--	--undefined--	--undefined--	-34.60519919380159	-4.849901203733946	3.3674510823233064	0	0	12.632
b2_12_blindschleiche_m27.wav	u:	174	1.204	159.7090137230035	747.628	1519.801	2701.91	99.22753543382692	89.4919853910874	73.82846198387905	75.37259621832477	61.54250575579616	66.92157733558237	70.54213531396493	59.138216847415485	-0.076
b2_12_blindschleiche_m27.wav	i:	175	2.494	135.42245444857573	268.789	2484.176	2923.139	102.76035007207719	100.33430281197515	85.05219183579727	100.30686276596496	100.14774501023143	97.11405749729867	61.755515566099064	66.2489396707188	-4.191
b2_12_blindschleiche_m27.wav	a:	176	3.048	107.06735422835133	980.335	1632.249	2431.487	89.05468926475002	79.83377091481344	75.32606578885111	87.35096343901736	96.87006083362442	96.97760695711398	88.75383140085901	63.656914578885605	17.751
b3_01_kaninchen_w20.wav	u:	177	1.822	433.65948469461483	384.486	2183.849	3447.78	94.13940934838614	94.96744414920786	101.22137467226182	91.10405926478185	66.02361482817494	60.75246290184498	84.11601946653914	73.77841017696049	13.715
b3_01_kaninchen_w20.wav	i:	178	2.293	295.945209899755	347.719	1438.803	3008.546	94.40969086429101	61.745156558979716	59.963633380009995	93.8156757113806	64.21271532013024	96.13832263000593	44.63267929596278	49.48839047216686	7.469
b3_01_kaninchen_w20.wav	a:	179	2.67	270.89345681731425	1054.716	1850.379	2960.526	99.18905335942691	91.68588203067455	90.43155420583807	89.78405772399326	80.25221254515336	83.04209886661819	100.10950511431224	68.48984569626833	20.374
b3_02_harpyie_w20.wav	u:	180	1.496	489.74280039130736	505.659	1859.602	3146.308	114.41471763670005	104.78539371396312	64.27576467831534	114.47282163462093	63.82037545072146	68.45799358068415	72.18124367487178	46.864815256974445	7.432
b3_02_harpyie_w20.wav	i:	181	2.06	439.2326080373446	507.651	1516.314	3023.255	97.36736516670713	74.42359650599589	71.77414959901895	96.28261651821126	52.560138708617075	85.3364763108575	59.795747089391526	66.91239975775125	12.071
b3_02_harpyie_w20.wav	a:	182	2.453	306.513965780969	913.681	1603.57	3027.573	90.37125601641375	87.52018355142295	69.3417223181454	75.20603398666256	56.209480988778935	69.08602099044472	88.51267882785392	59.529459573353094	17.524
b3_03_kleinerbagger_w20.wav	u:	183	1.775	313.92043085309564	311.09	2505.947	3509.614	100.88432462164447	85.42098818979926	94.33276152651455	100.84344570867961	53.89611999467304	74.86006304545997	62.639512437121866	68.48075020612784	15.584
b3_03_kleinerbagger_w20.wav	i:	184	3.05	308.5193412610912	289.227	1745.195	2787.364	91.61883011371748	82.05736395060947	84.68573907653557	87.57472628919498	78.74703407098635	88.21171117371658	50.99903488591067	57.637700592540185	10.871
b3_03_kleinerbagger_w20.wav	a:	185	3.595	148.29767357432286	951.226	1671.021	3032.288	76.47656480311642	95.04349495158897	87.22822520236582	88.28348277956742	66.19803467856556	66.65627996630741	76.82732523943173	49.969809775984814	20.412
b3_04_industrienbackofen_w20.wav	u:	186	1.807	231.60842001481373	351.886	922.036	2580.768	100.67979050783252	96.15087876452503	88.50558865493612	79.36252709885918	88.36656960507915	91.0142495186013	52.63534598288496	45.791353639834796	11.28
b3_04_industrienbackofen_w20.wav	i:	187	3.137	230.32327949662908	242.271	2550.649	3069.955	110.17049699742147	94.48910990558284	77.30037829965548	110.32348240086878	102.51978416130436	94.23977389322941	63.40782052614256	56.907010059189496	16.138
b3_04_industrienbackofen_w20.wav	a:	188	3.634	210.31957585494035	840.367	1475.819	2746.564	97.31298774735751	96.68389941579998	93.93716341921606	93.93915954560944	90.40191603582103	90.14346541879951	85.90954130332632	64.1782590403689	17.817
b3_05_jumbojet_w20.wav	u:	189	3.512	254.90172010173282	298.034	1038.404	2785.473	100.90180128077658	89.65463926993193	80.46141595591946	100.95317759365022	80.45599293984927	82.48663917632805	45.63221315460212	47.19156428412384	12.645
b3_05_jumbojet_w20.wav	i:	190	4.918	241.458881614236	244.027	2402.478	2618.593	108.19383459581105	82.91715588573923	60.030145887466176	108.22434198638123	95.27037503878704	87.50170271496043	58.716545955656834	70.50038185959788	12.97
b3_05_jumbojet_w20.wav	a:	191	5.539	240.35242849368	935.23	1466.374	2871.373	96.63817786260951	96.28556498820821	98.9871210431315	98.83280924522396	90.04779810568324	97.71869759403596	87.7952371467363	66.36308392042396	22.887
b3_06_dompfaff_w20.wav	u:	192	1.693	437.04207869638134	439.633	2047.326	3469.975	110.07897681985477	100.991441311883	96.44223108275202	110.09691584133624	85.84428009266614	111.05967756712222	81.87765778297873	49.39342630797418	12.597
b3_06_dompfaff_w20.wav	i:	193	2.203	365.4512639380702	421.317	1656.511	3055.339	105.637149664601	76.37743354352199	60.84981913248208	105.92557596613088	73.23281214699506	100.67810874847046	62.43773192640311	69.77347440685466	9.244
b3_06_dompfaff_w20.wav	a:	194	2.519	369.8811708346939	1032.507	2020.97	2903.093	110.67431619204238	105.03778779656686	87.45471299102815	83.62245443594301	90.90925913160241	56.45734742923243	97.68154706224172	71.84724292980066	13.759
b3_07_schildkroete_w20.wav	u:	195	4.013	215.5572829314435	280.467	831.529	2674.071	97.2222019386221	108.1187245554172	86.64154060175008	88.31469106608239	84.71219193940058	110.66790714782279	63.10674764389024	44.71199821720738	5.879
b3_07_schildkroete_w20.wav	i:	196	7.23	238.95721337391984	241.067	1982.106	2620.202	95.38841227926748	84.88929650057969	80.69922933059343	95.39347091394708	78.50616658754227	97.32799526787024	53.5119711617657	65.79186238644495	11.686
b3_07_schildkroete_w20.wav	a:	197	8.724	225.86723083695995	923.942	1517.08	3104.67	102.58325062881417	100.83007909304106	107.43974493026914	107.29702301850128	102.32082497260035	108.0720322840621	93.51849837991264	71.57878650654563	22.793
b3_08_krokodil_w20.wav	u:	198	2.169	282.97146685306745	1060.158	1547.797	2638.551	86.57591479493018	65.11930887782245	54.608532539004685	55.828154995580604	52.402041294069384	64.23486801817153	60.4248905669737	47.12456808164396	2.607
b3_08_krokodil_w20.wav	i:	199	3.054	348.37377120652656	276.024	2675.447	3848.066	112.96712979729591	83.74041317946764	89.76540096432916	99.07451696886429	91.76427785133149	89.48653131317961	57.67128725074997	62.75924103268685	10.29
b3_08_krokodil_w20.wav	a:	200	3.439	199.03509851424718	964.157	1603.682	3007.759	98.56899446606165	100.46954226649828	106.6418008046007	113.93901386744938	88.99725642701851	86.69971568672639	99.81213023537804	65.67695098155048	21.996
b3_09_baer_w20.wav	u:	201	2.043	254.58241924477795	387.66	1043.285	2817.764	104.06453806856217	92.9089028488348	71.72533021361178	77.58477370750745	67.76691320715423	112.22823034719349	67.40066951652804	47.320487507081964	19.46
b3_09_baer_w20.wav	i:	202	2.597	215.31582709735284	238.37	2427.735	2725.33	103.68730722710673	97.09061057232175	82.72635282407172	103.79360462641185	116.38543297209007	114.70360612139322	76.03642411130545	57.96729705315605	11.505
b3_09_baer_w20.wav	a:	203	3.08	200.21712820570693	892.488	1368.809	2777.565	95.91373542113709	94.27082343159822	90.34543527032505	86.8523843238633	90.90149220989295	63.5366747580633	88.07267063749974	66.5144582304434	20.833
b3_10_handtrommel_w20.wav	u:	204	1.469	295.6008460535077	340.429	844.713	2725.461	100.95990605514675	86.68876682111959	94.40492516063242	100.2794518098689	84.64294718466294	100.1035698781933	75.60965673128167	66.41607121022835	12
b3_10_handtrommel_w20.wav	i:	205	2.415	295.27492088812704	318.15	1211.05	2508.379	96.3855124090984	87.28676093844597	82.97341492305648	92.52586699278567	83.51898025597397	106.24099530126061	60.09032149721139	62.466341191766276	6.992
b3_10_handtrommel_w20.wav	a:	206	2.801	224.8722066513177	880.061	1537.016	2862.152	99.81981853710168	102.99192981251726	91.55911277283668	91.67432796533546	78.20885996441004	74.48937146396742	89.31693467812069	66.9602588490068	24.22
b3_11_armbanduhr_w20.wav	u:	207	1.197	356.2644318834202	406.824	900.045	3186.051	106.43912692201606	81.7237188388455	111.34380771860111	106.00482443547607	63.40504639062077	113.10645580889857	78.36844673739508	59.23688957930651	15.484
b3_11_armbanduhr_w20.wav	i:	208	1.698	292.43792601792495	295.479	2618.619	3632.369	105.65302109387088	88.95000812218981	78.07994090924534	105.68900019226388	98.54906671274007	106.32648158451191	59.06140631803054	71.09326640141099	12.145
b3_11_armbanduhr_w20.wav	a:	209	2.148	203.73436868627022	854.19	1370.664	2730.148	95.59829517563098	82.20018806416303	76.30979318733479	75.01111950667176	78.47137853977573	90.96631712768564	76.10100397697803	58.97424498784804	9.437
b3_12_kontrabass_w20.wav	u:	210	2.875	233.58762790319273	740.438	2374.687	3451.121	101.47862075512575	83.91825222602307	67.44073062547753	46.64859727666156	46.67093250081548	76.72888665005354	58.1152557993463	48.30712766053654	14.781
b3_12_kontrabass_w20.wav	i:	211	4.275	268.9986887382744	242.883	2374.619	3553.976	102.1756246673981	89.43882756412931	83.08332357765757	100.017671969894	90.62907760112238	96.77413057521281	62.22850451878245	57.2018089210397	11.832
b3_12_kontrabass_w20.wav	a:	212	4.775	224.06708914630627	852.609	1417.523	2787.211	98.09507418115507	97.65013128981064	95.24306931199214	90.17755388395626	82.76768689587675	83.15087700357293	94.70907455930606	67.51362034886051	27.013
c1_01_baer_w41.wav	u:	213	3.115	291.83395352416005	951.563	2680.005	3495.598	122.43579720760707	84.41807276426132	94.58014586416294	105.51906387569197	80.39904352867248	97.17957929754023	79.0291170913199	63.18783208631329	16.763
c1_01_baer_w41.wav	i:	214	4.98	226.66394452401084	236.799	2144.731	2603.217	113.45987645580975	105.85455568855572	99.52737661106869	113.43114204934939	127.14221096721171	116.03058857589679	96.55323789404082	68.8385913735702	26.179
c1_01_baer_w41.wav	a:	215	6.109	162.80585738006354	683.193	1236.743	2803.497	107.66031958235222	99.19624097977584	100.06416495515882	99.93445426526186	92.06471683023737	99.73708906084747	62.63521845855924	68.3924356261492	1.152
c1_02_kondor_w41.wav	u:	216	2.374	413.086760812758	428.491	868.772	3313.71	100.57880501756111	108.81319049955307	108.36622604894086	99.03555171599224	109.79430313612568	118.45051859878727	77.34150754105326	69.92873148271309	15.181
c1_02_kondor_w41.wav	i:	217	3.926	202.763274134144	244.875	2636.149	3575.433	110.12670625360883	104.17207274589198	86.20846665528902	108.34252864856106	89.5690589874219	87.9912866893857	56.72842560592993	52.761203990239885	15.181
c1_02_kondor_w41.wav	a:	218	4.932	155.10886333493156	1018.802	1634.02	2843.374	110.3641920406454	97.65933931934731	82.37736484560283	84.29904974660141	73.69272009002782	97.3557301944173	89.29861246435084	75.61665645264257	9.472
c1_03_gloeckchen_w41.wav	u:	219	3.454	429.24874018963584	438.286	875.359	3104.635	111.24033980209319	110.93906412104779	106.05779494849071	111.14868240484563	111.2976210066098	112.70536510049492	74.16192887772073	59.4043247231166	15.268
c1_03_gloeckchen_w41.wav	i:	220	5.723	393.5143134955727	465.496	1582.611	2854.646	113.40572847770271	87.92946608991902	99.49501100014362	111.98409242391587	99.61828323695437	105.38081884175588	86.62017728664054	85.58460966030589	9.302
c1_03_gloeckchen_w41.wav	a:	221	7.442	356.7808132759532	1137.823	1770.378	2972.148	114.97717556229674	115.02209942422323	94.6333654156563	99.628687213739	103.64460906960772	99.77055782392415	109.73592468857998	71.04484523507492	16.241
c1_04_komodowaran_w41.wav	u:	222	2.555	553.436996318119	864.202	1594.209	3519.548	77.57963439021721	74.87769700558685	78.08113640502523	65.27184784929652	65.76503417178074	70.60761886039982	71.314891627314	58.77382151283828	4.91
c1_04_komodowaran_w41.wav	i:	223	4.803	227.93892359971815	361.266	1126.703	3039.779	110.88058065031285	93.75099106960975	55.04633060086249	98.40375618311772	58.127157857255376	86.87872208013863	50.27484955397307	53.65986421162063	0.809
c1_04_komodowaran_w41.wav	a:	224	6.323	191.8952343084048	1027.294	1634.598	3377.18	108.17922011123082	99.73986417377095	90.52327381577902	84.08657381705537	80.39745569405027	98.08508032096833	85.6638889853118	71.95004655249717	11.752
c1_05_backofen_w41.wav	u:	225	2.181	130.88320068578855	1008.144	1900.159	2829.91	90.23301970157374	79.27708812195613	69.26301258677333	65.43748719354437	62.69439992147492	88.18652530135125	75.4316643490937	65.03919200587313	2.397
c1_05_backofen_w41.wav	i:	226	4.131	138.33641510488346	592.675	2249.526	3026.148	100.1468288102664	88.28261560947774	60.31569166403142	62.67124677376597	79.65479015536255	87.08934085816155	57.43125934346729	55.755006811409004	-4.417
c1_05_backofen_w41.wav	a:	227	5.142	206.5241429806186	1134.913	1713.93	2818.182	99.45002161155443	97.11009787901146	86.88394459626421	77.90809557438493	83.5717381606146	96.38450253068157	98.79091023208457	71.6668267462484	10.092
c1_06_kirchenglocke_w41.wav	u:	228	5.888	339.27390810753457	346.083	1033.435	3088.826	97.1626305703854	92.63512776520102	84.68836791084898	97.02116276853971	90.10602159145073	111.89598595715441	78.1971915081804	67.3966475967868	12.677
c1_06_kirchenglocke_w41.wav	i:	229	10.336	353.06244819171064	327.924	1507.584	2893	117.81769347882435	87.79294153009276	91.53014329911915	117.53377686369251	92.67979197798878	124.57195571539849	80.35218683402968	76.28217291354828	0.94
c1_06_kirchenglocke_w41.wav	a:	230	13.415	315.15056230588885	871.932	1456.866	2896.099	88.32058435779467	64.09809095577461	51.605239106932956	56.45012457142755	60.24429306566577	73.54944675943342	64.95022477370496	52.15606049249217	4.481
c1_07_blaumeise_w41.wav	u:	231	2.201	339.8416470653973	362.78	2151.614	3082.228	112.43808910225378	114.23793154310331	87.78064485093927	112.54545098304314	75.98861643561462	97.13207209605909	71.52453920091644	49.7455728979817	10.591
c1_07_blaumeise_w41.wav	i:	232	4.159	284.89410260462824	292.96	1531.237	2818.819	98.06251690291364	99.38342422075142	86.19858902610571	97.89734024713492	86.97991359474807	122.20036657286104	70.62744869008435	75.3123540332091	6.185
c1_07_blaumeise_w41.wav	a:	233	5.597	379.1983595794353	1206.295	1691.095	3452.3	114.40304817208414	107.51355710304762	90.40154227800059	90.86737090355398	91.838660289927	100.86580384516563	90.01000753672042	68.62554741767812	13.577
c1_08_schildkroete_w41.wav	u:	234	4.242	309.4218217047492	679.257	2866.482	3294.47	106.53645616214025	76.14137248024986	73.23778878432691	74.49989411902644	81.40299509576742	76.91404857641379	60.829361031230476	53.63592744421021	8.348
c1_08_schildkroete_w41.wav	i:	235	7.606	196.7872937097616	306.171	2611.416	3012.841	104.32089359294665	99.25566493594386	60.76572619543758	93.42887196037132	99.26517550410665	85.56849615494716	64.82123431415016	64.76830721354352	1.199
c1_08_schildkroete_w41.wav	a:	236	9.665	294.7864081092418	1003.466	1482.537	3423.45	102.35510625987212	88.761642841954	68.83359754224756	73.44664632960621	47.048406228643344	85.25412687804995	57.32962433419072	61.85252511534249	17.808
c1_09_kleinflugzeug_w41.wav	u:	237	4.893	362.39313637334493	372.028	803.09	3205.142	112.38971335326295	109.90135380365899	107.97256813389643	112.42524846444641	112.01610131682985	119.88182444544053	72.96990416129213	71.8417078406343	20.193
c1_09_kleinflugzeug_w41.wav	i:	238	7.994	346.55156534397116	349.516	1588.734	2910.865	117.709022972686	84.38262187367282	83.28565714665456	117.73513921496622	84.67828990555847	115.17261664206626	77.12287081636015	72.02180433327312	16.83
c1_09_kleinflugzeug_w41.wav	a:	239	10.273	347.223777062068	1007.3	1412.934	3418.408	112.51446753594175	107.84483812953067	105.93063732070353	107.78239892608534	106.47350485947165	113.57455971823347	98.41172490014415	76.21607921539785	22.355
c1_10_SUV_w41.wav	u:	240	2.414	284.95820164482484	348.753	879.791	3062.839	104.98569621710699	102.22215161880936	101.66390782060995	101.4169104058575	106.80714467355307	124.39152613491834	73.14201158742883	62.18796078807058	15.689
c1_10_SUV_w41.wav	i:	241	4.112	247.77629619574205	259.404	2296.31	2624.662	97.73675275772396	97.41077381605206	91.336840939554	97.12322829480651	92.85894836581289	94.64032070489289	75.4581236839127	66.67671945292186	13.341
c1_10_SUV_w41.wav	a:	242	5.486	60.538941244233726	851.036	1520.089	2883.374	95.03269230929999	91.44121313674351	99.34788594064896	87.24664386925353	86.12549790622515	105.38972350224172	81.69356180942941	59.19368470845075	27.07
c1_11_igel_w41.wav	u:	243	1.938	370.4042835970338	407.376	1770.454	3323.464	107.7815667460569	111.41674509186488	75.41884751302902	107.54340342876871	67.9979176528601	89.48656773072726	58.96741989212792	48.634230639387674	10.737
c1_11_igel_w41.wav	i:	244	2.975	136.45349653876164	229.63	2613.889	3288.116	101.59567651819177	92.24302044000031	85.9774987954338	91.15717988807219	94.86744504981468	61.677678047759905	48.87978359666982	53.15679353810569	-3.125
c1_11_igel_w41.wav	a:	245	4.323	454.6956461969864	943.704	1787.149	3480.978	108.03853111058353	92.57833026413002	93.25097565065889	90.87183427682393	92.6040165846104	92.5699470279627	99.14741228317203	68.13554971644675	18.26
c1_12_buerodrucker_w41.wav	u:	246	4.616	369.3357721752131	377.905	1071.705	3357.053	108.3358601075292	110.58229068085663	100.31894426063815	108.28934956459717	94.86867567654653	100.07131124503739	65.3055228930746	57.65131429697318	20.561
c1_12_buerodrucker_w41.wav	i:	247	7.332	345.70348535635947	348.359	1682.448	3013.835	103.6418577290352	68.08597217378701	90.83811805872122	103.64832730603331	74.45524084504004	116.08781740540428	72.88658071841955	74.8206977031398	15.604
c1_12_buerodrucker_w41.wav	a:	248	8.643	341.17761843933573	1019.116	1714.005	3296.712	112.01837118110781	109.75673913305639	104.19118669958132	111.60414824534925	105.53700811758061	109.96436016956059	105.27514516140394	63.70770005958752	20.661
c2_01_krokodil_w20.wav	u:	249	2.354	300.1826005591485	330.166	1046.709	2654.485	116.20799246570833	102.05053426452264	105.91266891301709	116.23002336208734	92.64610644993294	108.40074128673197	75.08888822048577	58.32590881486834	22.558
c2_01_krokodil_w20.wav	i:	250	3.85	194.9701999156199	308.15	2219.601	2524.285	111.32909773884377	99.25826064413188	84.68847287350444	95.47707620629123	93.03292430105328	95.83342951609282	83.30268704254011	67.6800128316588	4.09
c2_01_krokodil_w20.wav	a:	251	5.652	255.5175612759357	860.979	1158.938	3046.566	114.64914970861224	106.73203113536006	104.88948590642003	100.09052866376169	105.86916153327238	111.62955770912853	86.60292071789372	62.848622653187434	25.701
c2_02_dompfaff_w20.wav	u:	252	2.728	598.8681224608628	614.871	1226.18	3018.694	94.54061698209058	92.63645476096706	86.89463695568404	94.39177992005814	93.23885594455753	94.0885234827856	61.752070140693604	57.825384570701026	7.595
c2_02_dompfaff_w20.wav	i:	253	4.742	602.7390381277663	643.502	1875.746	2683.932	97.73721487084764	82.85721919039956	91.17850742037884	97.70864439322713	72.29923363471616	90.18072057493836	84.48082599430846	77.5044310332707	12.404
c2_02_dompfaff_w20.wav	a:	254	6.163	589.5345812871715	598.722	1204.09	2516.329	92.80152094721575	110.43648565458331	105.62280672946241	92.6415529226216	110.99863521663909	93.44156941148466	83.03659982198702	66.60949250979952	7.87
c2_03_armbanduhr_w20.wav	u:	255	2.746	239.48381337438698	294.927	962.436	2856.334	108.59278135645776	99.70250552670133	90.8380228740528	108.86142504728353	90.93827669049898	94.63646981122508	54.0950979059501	49.5074642075216	14.858
c2_03_armbanduhr_w20.wav	i:	256	5.862	316.1143795264457	333.594	2465.572	2848.091	117.85815116007198	93.49242504449202	94.98141203484555	117.97996109358782	126.29260142198396	115.66484267738403	92.21800694053164	89.24033646231703	16.313
c2_03_armbanduhr_w20.wav	a:	257	7.494	308.54031777147276	940.368	1326.841	3064.649	110.91257282278691	112.92639091813999	92.928865818598	102.27685600122672	93.70733478385128	104.36598837301328	97.59940725168194	61.29897528215401	22.158
c2_04_bodentrommel_w20.wav	u:	258	1.67	198.17047267359817	319.863	918.037	3027.629	108.01440038411039	94.75117256994858	76.95688450832148	90.1583129831495	73.90301682934418	104.66366246316298	69.9224396023148	60.43192428014998	14.357
c2_04_bodentrommel_w20.wav	i:	259	3.424	334.05644827470303	344.699	2279.773	2591.03	118.58623817639594	87.87479644479899	104.98551023432292	118.67618527123437	131.88940256809113	127.7294639254854	110.86979202649351	86.8224496337152	15.591
c2_04_bodentrommel_w20.wav	a:	260	5.139	313.05646539428807	915.72	1259.599	3126.182	113.07543752470474	110.59313791677975	113.01454267427667	117.60076111657129	113.15556446564693	115.53757027935171	82.07160851045698	75.76852321731863	20.401
c2_05_storch_w20.wav	u:	261	2.542	187.69759483125563	329.838	2194.44	3450.231	104.64553486301023	85.25015002954453	74.94199366990838	80.54599012494651	73.556728095344	71.30600410569458	59.46580721869076	56.68241244455057	0.245
c2_05_storch_w20.wav	i:	262	4.276	301.01294310823044	413.291	2761.181	3439.368	110.16524409988901	73.96168282540972	74.67130190087039	108.19469315867151	101.32384627354372	96.2571076756033	71.57159362316048	69.80273446131486	11.606
c2_05_storch_w20.wav	a:	263	5.675	310.12538281520114	829.578	1241.231	2864.702	104.45919821557635	102.55578612350622	101.43541303657716	90.99774223781534	101.45609681231787	94.87709200462095	87.17357825684557	70.39959522152779	22.165
c2_06_jumbojet_w20.wav	u:	264	3.601	187.80632993368874	290.577	957.626	2696.841	106.30375934610623	102.17244618405891	87.11473755521143	91.40764287167573	92.83261474737219	112.36079098378598	63.542169786878695	56.345364130255795	17.894
c2_06_jumbojet_w20.wav	i:	265	6.089	258.8054376689216	265.658	2298.198	2561.234	113.97639817390676	104.44188912673717	100.0788812280466	114.03643275517899	113.50950573064544	113.19852381460731	81.65207868149068	57.36245825508657	20.826
c2_06_jumbojet_w20.wav	a:	266	7.547	283.91369093845486	936.882	1353.722	3077.872	113.7596048271462	106.30693905070896	112.33512240450777	111.82435352039522	109.46117170388735	115.07608967718573	100.05626007400194	73.21198708727869	20.69
c2_07_handtrommel_w20.wav	u:	267	1.54	353.02215347297147	355.97	933.205	2371.723	80.01889623847919	93.90988616811336	91.67003505171002	77.23516103055674	80.05701830810294	87.49061773286557	57.68555179196214	48.773687771064786	13.132
c2_07_handtrommel_w20.wav	i:	268	3.444	237.49130713959045	293.701	2572.043	3290.283	105.37617618396011	103.14873558034621	95.58539349651576	91.37074568619491	104.87707427574097	93.28852033642852	67.09993458987742	64.51105058042796	26.452
c2_07_handtrommel_w20.wav	a:	269	5.361	199.5855605369792	782.77	1208.875	3035.035	107.80370388572973	94.11427383830124	94.65459068176726	94.75419321315292	88.26858953864104	99.78244798315544	63.13089976033545	55.44089030598571	17.833
c2_08_industriebackofen_w20.wav	u:	270	3.521	211.00835453103912	268.872	937.868	2809.879	107.57333297339585	100.13546888372929	87.79026721340347	104.96943120904419	88.77291453969548	94.31173839492932	63.04713383281971	54.88345564882729	14.491
c2_08_industriebackofen_w20.wav	i:	271	5.218	288.03214422398247	297.35	2562.707	3326.114	113.48662870788161	103.00682146759775	95.35752124988825	113.57038839365529	110.65291944129248	101.23866394487624	80.62674015485975	67.73257707024767	22.35
c2_08_industriebackofen_w20.wav	a:	272	7.022	207.28744081588684	905.183	1171.011	2995.597	109.64958349350015	90.82169694136185	53.7957331609542	58.259752263618054	59.54729710164952	76.10950504866481	54.25261689122774	51.23196065763236	21.928
c2_09_aeffchen_w20.wav	u:	273	2.819	571.9788112547002	595.709	1294.465	3001.638	100.30709448751196	82.41593266733575	80.14525743066248	100.19977242222447	84.23744242410453	96.11069772089549	70.83435359197578	60.99895657176028	6.346
c2_09_aeffchen_w20.wav	i:	274	4.425	370.796258179889	370.437	2573.009	3320.286	121.35537456674311	83.73267766581385	83.6221027271444	121.3539373494404	101.25979301101822	103.06103766615519	86.91864455056017	89.90104917863556	20.12
c2_09_aeffchen_w20.wav	a:	275	5.669	336.44366662099054	1096.439	1855.493	3000.784	109.38117527184335	106.75715769602404	78.15398686470712	80.1416165458551	85.2554226104294	92.72356876907598	93.48435514970463	74.98556851485489	22.389
c2_10_gecko_w20.wav	u:	276	1.169	273.7256897682086	300.09	899.879	2874.793	101.04886410260906	98.38515552454771	85.45739988627156	99.91147307972133	88.37488756397417	96.00538554740584	77.17383832606637	72.61872834076254	13.217
c2_10_gecko_w20.wav	i:	277	2.502	224.62471299835343	277.773	2597.3	3363.868	108.29318156182222	99.77826467773582	100.8701192627694	99.49861670586735	99.93854741752354	90.26830768214688	63.73358754406907	56.6461364097431	14.827
c2_10_gecko_w20.wav	a:	278	3.894	193.86159262425687	901.366	1627.569	2807.675	101.66112281647241	92.80165738854377	71.64266045533522	73.65850024685807	80.82445210907213	74.54175377684123	62.509262203275625	47.19463492162721	19.947
c2_11_kleinerbagger_w20.wav	u:	279	3.205	168.83835015213708	916.456	2924.52	3205.548	103.52216723446186	90.66086861208208	62.69988188632678	63.86289685386379	60.46465355917662	45.25745301037123	47.479146536150296	45.34663151224565	15.834
c2_11_kleinerbagger_w20.wav	i:	280	7.549	155.82677163397727	234.346	2248.398	2666.292	97.35185372678659	84.68997406806973	68.71032332993386	80.11206060567343	76.1177026025068	53.24274547823135	49.39566915914916	48.08809774027467	13.85
c2_11_kleinerbagger_w20.wav	a:	281	9.634	197.9998662057968	752.795	1066.012	2971.748	108.15854020810846	98.11191450713397	98.03743758673644	98.590901429342	93.33709778582846	110.23910938261652	74.8006866910128	61.02448971657596	24.801
c2_12_kuh_w20.wav	u:	282	3.509	263.50802529340143	288.284	1051.68	2197.94	106.57508344215697	107.28181982602646	101.56265576830884	105.36297873746815	101.50720354751218	104.15475728939023	62.896634046312634	49.51786303885185	18.315
c2_12_kuh_w20.wav	i:	283	5.115	276.47585869167114	283.774	2201.975	2500.15	96.67589251597886	102.25891061811882	96.53808575757961	95.09807138440024	118.86228615984044	110.77574030126226	87.30517382905056	50.275550542499246	20.696
c2_12_kuh_w20.wav	a:	284	6.697	202.88307229088394	781.409	1059.82	3033.901	108.32496690928832	100.8248786747094	102.5812730696137	102.72274089035831	92.5285752374445	105.75902132838065	68.17200007047407	58.78954016106199	25.95
c3_01_spatz_w31.wav	u:	285	1.727	600.8510721959684	661.017	2230.434	3451.161	75.3485290028303	83.53839178406731	70.79850326208725	65.893451375528	75.94025085915287	60.27465705822732	68.36425954177136	53.028877463426255	-0.479
c3_01_spatz_w31.wav	i:	286	2.543	578.9088531888236	589.107	1542.073	2871.628	104.88718001919528	88.64319239728235	100.91223337781706	104.9089114033942	75.94886185660282	105.53562391996371	77.42599189080168	82.23314178909115	13.708
c3_01_spatz_w31.wav	a:	287	3.175	375.0594507245582	1052.491	2006.384	3240.251	109.79347743954548	108.02573132187044	94.55460009441416	101.74246782764027	104.47082601609871	96.36135353442803	105.87890138989528	78.82376978689479	15.063
c3_02_violine_w31.wav	u:	288	2.105	361.84858662657837	379.506	1070.393	2770.524	100.79060138164911	102.49069554190821	108.52430837585862	100.48688780118277	97.47424365927387	108.53882377153961	81.2557340016531	55.92358769267108	15.818
c3_02_violine_w31.wav	i:	289	4.384	333.80567087079	363.168	2343.527	3115.148	105.99068847123758	98.99021465258421	87.44999470687405	105.92878882885711	100.33765955414236	106.86458260416032	81.36806127786245	75.78357617265814	9.483
c3_02_violine_w31.wav	a:	290	5.347	336.36154432094753	654.047	1378.048	2358.945	102.92380764628074	104.50100086569643	110.14973690177784	104.38379643651709	110.73228777610547	97.55319322735963	91.7736863614063	60.782768405486294	19.7
c3_03_harypie_w31.wav	u:	291	1.128	455.1802649395836	618.825	1227.781	2487.361	114.11483619241591	100.26302033676933	119.8982768912771	102.19898359429351	92.057322162317	114.62032666592451	100.4073434316395	76.82863963212887	11.775
c3_03_harypie_w31.wav	i:	292	1.944	490.0738008017158	528.077	1986.746	2957.241	95.53558116002071	91.3271637943123	88.19124635601275	92.14842470144828	92.65642136444828	105.45615744787585	83.43097487572786	85.8915893040982	7.527
c3_03_harypie_w31.wav	a:	293	2.641	394.0832762977304	836.165	1192.491	2275.386	110.88580983526576	106.63960005866157	114.21475308806629	105.87517052449424	119.78684037027878	121.19182311453439	102.7551125007445	84.67233592540569	12.22
c3_04_wanduhr_w31.wav	u:	294	3.143	289.337210149077	354.491	880.665	2577.346	111.37853576165367	104.5397935564184	105.53499002062236	111.37057316286786	115.43144126102429	105.54672764634041	63.45169318296516	44.39948705972103	18.55
c3_04_wanduhr_w31.wav	i:	295	5.743	285.2501841210722	312.559	2462.452	3292.577	112.98883725527763	100.50518982836827	93.25006549378915	113.23221862466895	113.31206691550085	111.65246203428688	88.109172904194	71.46626538753372	21.665
c3_04_wanduhr_w31.wav	a:	296	6.761	268.69932581984784	850.384	1433.442	2595.988	105.40225243227098	108.79190665774112	97.40364218249964	103.56994374848647	95.10887082123789	100.29307500055305	90.06304851721764	73.2802535472844	9.567
c3_05_kontrabass_w31.wav	u:	297	2.212	184.89632672983822	523.008	1869.596	3236.532	103.07503788426133	101.62587829583003	65.65549066915219	79.59772670301422	60.390669265204785	96.30186785075085	63.0983604320583	63.01840666407934	4.611
c3_05_kontrabass_w31.wav	i:	298	3.835	277.8445839121189	393.161	1804.514	2502.172	106.86549475736489	98.01124362469535	94.54304099326697	97.0774331054335	95.76814942985257	103.56987852906272	94.93840380616524	77.52709040864674	11.924
c3_05_kontrabass_w31.wav	a:	299	5.05	303.4891426017191	728.514	1186.178	2715.406	108.43994785490702	96.39486672725097	85.87656843159178	94.40256271058952	85.17183947795411	98.44578772044349	89.19499106587288	72.4644972762562	14.701
c3_06_elefant_w31.wav	u:	300	1.375	366.7453413194806	737.567	1227.044	3311.026	92.48752113587966	106.59687734115829	83.35908574176877	106.56536999246329	79.44662045152776	103.09806845748989	75.10321293845341	51.092279018721854	16.426
c3_06_elefant_w31.wav	i:	301	2.3	296.6002897971457	1035.426	2381.557	3498.935	94.88565651283315	83.98675976073739	84.27767256902189	79.7224710150318	94.13783420831871	103.10405774286791	87.84892100741685	76.50924878708597	23.2
c3_06_elefant_w31.wav	a:	302	3.119	278.91831928869266	1034.55	1383.113	2809.222	107.41782294155348	101.63387281869478	109.90950346954742	109.8137670284719	110.9116180959727	112.15329633619318	98.51061165152316	86.85848829967492	27.849
c3_07_drucker_w31.wav	u:	303	2.217	264.92087488736007	295.366	827.645	2548.097	102.79899038832436	93.69483500648425	102.94594571807954	102.45044936951092	86.0072765844473	115.55395693883202	75.25345735347082	73.2542417067934	15.438
c3_07_drucker_w31.wav	i:	304	4.034	282.6490855106174	304.188	2418.6	3435.905	91.69303229691633	101.86593970421688	88.18371937260397	89.71473020044573	94.11942581184103	85.91783673477491	80.52096548846137	49.78120716245924	12.942
c3_07_drucker_w31.wav	a:	305	5.205	254.50867551586444	859.818	1247.711	2572.182	100.40976850998757	99.55530711428142	103.71325706147721	102.40785378248378	100.91552364416597	100.3156356088663	93.19288621539553	62.292599892347276	18.519
c3_09_kleinwagen_w31.wav	u:	306	0.914	360.32897751837686	364.587	2388.998	3224.018	103.83671913805817	100.64408734627693	93.13054129933087	103.87877925817975	98.52156940936784	91.88095869131607	81.00308483468496	83.45408176673769	12.551
c3_09_kleinwagen_w31.wav	i:	307	1.419	291.4901353260129	326.74	954.218	2752.22	103.19527689951596	74.63318989533617	78.7728508144076	103.40704228865019	83.62875379405479	109.74470137027384	69.1931311556075	75.27357109197732	0.858
c3_09_kleinwagen_w31.wav	a:	308	2.036	307.95312637203887	916.504	1633.944	2677.119	108.31643011837934	104.22477215762244	93.69397627001895	111.32671443685214	97.4635132273297	102.98084254598021	97.13044504574401	71.36575619940972	16.964
c3_10_blindschleiche_w31.wav	u:	309	2.747	279.5844157002505	347.609	960.732	2603.357	106.65085287330461	94.33870746834125	98.8710425245176	104.84921529929036	89.09742120704426	116.390799010958	92.22522644772326	74.65208339672235	15.741
c3_10_blindschleiche_w31.wav	i:	310	4.329	182.87073397201243	311.565	2430.884	3477.732	103.67897033872701	107.94855314089031	90.81989109140171	106.81772537012748	104.13811131359188	100.48607088953113	71.36179623822864	55.717403898491526	19.269
c3_10_blindschleiche_w31.wav	a:	311	5.002	189.9866431043862	886.661	1561.052	2908.135	103.4492407928161	105.4450975977104	96.05584071498107	94.74011233211901	85.28267640601645	95.34675870325468	86.09555968558153	69.80598410654812	21.501
c3_11_kaninchen_w31.wav	u:	312	0.863	649.1361858923699	654.773	1311.427	2629.017	108.48321269582141	90.48951039494605	110.60374624125501	108.46919506627144	90.65395269131821	97.04035460256316	84.45507075553766	70.8104585069166	11.815
c3_11_kaninchen_w31.wav	i:	313	1.714	608.2856684819163	641.932	2265.134	3344.142	95.16090945973264	98.228815274402	90.29583899103895	94.20440682821386	88.23621469186693	98.91754262225905	75.2357021818523	75.33347305304518	8.503
c3_11_kaninchen_w31.wav	a:	314	2.399	401.04195793792985	821.155	1279.607	1940.249	112.1255796105159	95.65542612548494	104.81404685886787	95.69639974321228	95.48670725942793	91.4034791972484	95.14290431304049	67.48927073265332	12.407
c3_12_anakonda_w31.wav	u:	315	2.96	320.73594403607154	346.106	2126.046	4160.965	100.1359216882337	102.20403705066593	98.33496597653675	99.27127535147133	74.49267338099119	99.25164152561563	62.90591254969539	55.871149526800885	10.435
c3_12_anakonda_w31.wav	i:	316	4.868	264.44858223938775	355.84	2602.637	3362.859	100.90664869569537	93.3697161650174	86.26992165032814	91.16321835099373	106.63864988823788	101.92516096888232	67.6068647651394	66.90174048071329	19.365
c3_12_anakonda_w31.wav	a:	317	6.154	211.22114586191918	889.144	1478.246	2559.307	102.07542850926826	100.85369766857379	94.30926894128797	93.06218913224389	92.89765991784931	104.49468062914636	91.37217363967494	67.92064620778075	17.465
d1_01_kirchenglocke_w24.wav	u:	318	3.158	195.94421956315506	290.622	2229.549	3711.925	106.96010447588313	104.36818984600136	90.46647138092531	88.42856401494132	94.8434845879103	95.58226618060009	67.7869975876835	50.400793586979525	4.805
d1_01_kirchenglocke_w24.wav	i:	319	4.926	234.1442359054829	257.661	2301.503	3254.715	107.87816354608017	118.23213505202799	109.51413939734462	104.91746501626474	108.89965082633016	117.05417190129378	81.7632358643676	63.08789075817397	21.245
d1_01_kirchenglocke_w24.wav	a:	320	5.858	196.46240073966337	813.426	1375.113	2558.136	101.74887146956566	93.02597574897865	58.30751012334076	57.366418380789014	66.34924632577025	73.32995221637091	77.99533076763248	40.29063204753371	16.275
d1_02_kleinerbagger_w24.wav	u:	321	1.885	223.8845743443597	285.332	2353.936	3323.435	109.7922390144082	114.79239824258438	114.18143605751725	105.91846457144453	99.23681411873898	96.71685934509364	77.30429169655275	55.20071551287215	15.76
d1_02_kleinerbagger_w24.wav	i:	322	2.786	243.77428527974638	260.978	2423.249	3191.962	107.5818824990186	94.42699033046104	91.73601263847742	107.60692147910544	108.79382823406111	98.50026571547619	72.34570614108954	73.07421214982462	13.007
d1_02_kleinerbagger_w24.wav	a:	323	3.863	194.42251292091314	957.13	1617	2395.034	106.83449303357017	96.33877700585217	83.86905259767404	85.93714193373158	88.61082247026255	90.68198655836052	89.36129222633716	80.28776352405279	14.709
d1_03_suv_w24.wav	u:	324	2.043	223.5140713962623	291.248	2288.818	3292.939	116.36791913292717	116.47120504734016	112.79797806582816	114.98271120954843	106.75937388682318	114.09767972455776	84.54456985107049	52.87209770235431	13.186
d1_03_suv_w24.wav	i:	325	3.498	221.75798452348687	263.544	2185.488	2675.693	119.70170045124382	111.53961276766299	98.74976884098503	119.95701853958523	122.637081436968	98.46198125859802	100.91707538383183	78.29400164073773	16.212
d1_03_suv_w24.wav	a:	326	4.618	227.4887044698387	617.947	1380.233	2426.581	110.98767383629281	97.70993137422093	94.79675142655775	97.64554596171146	110.4260729714905	91.65015125235874	81.95605489928369	61.140798133948415	17.943
d1_04_gloeckchen_w24.wav	u:	327	1.478	414.4657045450067	441.173	1883.551	2906.564	113.6277615677622	115.22116391034837	98.08861004678238	113.67495853768276	90.24602761214462	92.96553982088072	83.63086221934952	55.23267737718165	14.694
d1_04_gloeckchen_w24.wav	i:	328	2.277	356.9843993640778	369.83	1197.763	2552.604	95.83572564750972	97.98646180309987	91.21159071735379	89.69438413803083	105.17252472164554	117.02563136914004	71.31386068128373	69.08514819738285	15.243
d1_04_gloeckchen_w24.wav	a:	329	2.925	325.1150031192677	946.904	1710.631	2656.745	108.62241913544818	106.4251678300897	90.50415860606768	106.33134549751145	97.68399746278342	89.99421337264761	94.07549967228613	68.27850277221462	22.498
d1_05_buerodrucker_w24.wav	u:	330	2.806	273.0312790295412	285.272	2118.358	3664.538	111.88858633474464	106.74783909530768	100.50380100019707	111.95307501944197	92.88818916979503	99.17881776068977	71.53121201966856	54.78781854819704	16.621
d1_05_buerodrucker_w24.wav	i:	331	3.801	205.517444149686	374.277	2799.088	3702.819	112.5387984630191	107.31084251386294	61.9694267210235	106.96334255398686	83.09989480788003	92.03718092846974	53.345437401847875	55.12464855386368	14.858
d1_05_buerodrucker_w24.wav	a:	332	4.203	193.94526910036973	729.48	1332.405	2292.855	103.79304276566002	100.70221767214474	94.77907269049999	93.36472344977554	100.97862597422643	82.81952282996522	74.30404203125092	62.86889250633915	20.994
d1_06_elefant_w24.wav	u:	333	1.755	252.28269907326646	243.56	2177.044	3496.911	110.03106459583854	108.20007919521288	101.44804067835591	109.72714228700035	98.59289154850615	114.03587337653414	83.99936135395784	74.10299657872417	13.412
d1_06_elefant_w24.wav	i:	334	2.627	251.23692483483853	244.911	2109.895	3193.589	117.61724997330576	99.85043456247537	103.00299908997482	117.48656349430411	100.43603369499806	107.70798903752278	81.35235722089023	55.9988150856741	18.313
d1_06_elefant_w24.wav	a:	335	3.083	216.8614931274266	568.247	1062.153	2642.579	112.59139492093725	90.21195394032881	75.29054299388335	75.52567272349607	90.97792453463201	80.51874476880089	70.21564374719338	56.375940269267204	13.999
d1_07_blaumeise_w24.wav	u:	336	3.014	456.48439254069507	461.536	2166.186	3650.687	105.8057583814189	104.03338636742731	83.25371356379945	105.83470548376454	67.58779364283492	81.67032058204025	69.29897816400437	50.232205607771114	10.151
d1_07_blaumeise_w24.wav	i:	337	3.623	477.8105029982592	445.496	1263.881	2568.151	110.72855314066904	97.43442485200089	106.66280163254399	110.59989608088804	70.7071626950861	85.22869268069637	84.60536695614371	56.35628242134081	8.264
d1_07_blaumeise_w24.wav	a:	338	3.902	300.9373482451215	843.975	1920.685	2621.067	104.72045110861448	89.01681614037098	54.42621890179572	70.09514186309997	83.46660763492588	81.5601010594115	86.32215293618773	50.80007304589525	15.917
d1_08_storch_w24.wav	u:	339	1.452	333.23076238040085	357.642	1128.805	2529.9	101.08297914095431	104.99837345935967	109.25580613567257	97.49089159161204	109.55755871514546	104.16847836993568	79.06525968304847	69.10550748961379	21.446
d1_08_storch_w24.wav	i:	340	2.053	294.51977529319504	304.748	2522.538	2722.076	119.17272247623045	101.89120646541231	94.07697638380357	119.27861722312784	107.55942595500292	101.9301136487745	81.74367616223277	69.53109072122302	20.108
d1_08_storch_w24.wav	a:	341	2.724	234.03125996322004	792.753	1525.477	2510.245	102.41520757850104	99.58595608009679	99.7051215436688	100.50889018358764	102.20306327095683	103.68992319758054	92.85884284133387	56.08994276786849	24.59
d1_09_igel_w24.wav	u:	342	1.47	268.11281849102886	287.143	1168.886	2695.083	102.04139466951293	101.12973640066566	95.57860275806016	101.2221538275349	96.99449882968061	105.24817790292309	64.95889296338498	48.26245899552484	12.543
d1_09_igel_w24.wav	i:	343	2.144	267.1767489742103	285.219	2606.455	3776.44	116.35806652762376	102.34906176038251	100.94939223638247	116.5577676486061	93.27730994938865	95.72367880591516	63.8758143930676	70.01283293322567	17.946
d1_09_igel_w24.wav	a:	344	2.474	229.03668871014912	848.843	1689.297	2453.596	102.6827644390308	92.0824220682575	83.97695589246109	68.50839181059075	89.33671796663873	86.28183980555755	85.71926708666393	57.430389008760805	20.111
d1_10_backofen_w24.wav	u:	345	1.667	209.04133720825922	242.449	936.727	2366.351	101.62322029294529	97.22378322990537	88.92667978966182	101.19206039058307	89.0216366789266	105.33245621391589	54.71386809105823	44.783187287433904	14
d1_10_backofen_w24.wav	i:	346	2.328	210.33865822508656	308.082	2313.466	2942.305	106.57553083355137	88.65060943924848	68.99514331730785	101.67618227498119	69.4162950506652	80.35496500305234	54.24236639092173	52.13013892895172	0.755
d1_10_backofen_w24.wav	a:	347	2.646	196.49399951067844	751.014	1536.39	2517.231	102.2830787573152	98.03472403806083	70.57948060540569	74.48591926192259	60.53023946116257	78.82877487039352	66.86302865655273	56.941463591652415	17.132
d1_11_anakonda.wav	u:	348	1.276	217.63542002746382	279.043	2453.273	3252.335	107.37883414414463	104.22113122052727	97.96093605231422	105.35776066640038	96.65010830338971	95.44211906653717	69.77621261548751	64.10931485732947	11.818
d1_11_anakonda.wav	i:	349	2.237	216.73734278800106	340.179	2480.409	3123.625	111.53645745149738	101.48515776922939	82.7519177706663	92.41950201737362	89.04312483331603	76.66581327411626	55.67629520029036	61.93734503515082	12.369
d1_11_anakonda.wav	a:	350	2.571	179.71666743919943	840.632	1490.76	2349.336	100.8563643568547	92.01798971448372	66.81816067921541	62.27415515958714	83.18517601097166	83.44251127182181	70.55457729173648	58.75855283967893	13.578
d1_12_blindschleiche_w24.wav	u:	351	1.61	240.56433359819815	254.597	977.07	2528.309	101.99417213285619	97.60154728139577	99.66741498769726	101.89863878647188	99.98886773083541	86.95245972679959	57.66479543636262	50.86378174197427	11.224
d1_12_blindschleiche_w24.wav	i:	352	2.519	224.5021517019136	297.548	2516.711	3235.446	101.86830431854403	81.95007826824965	70.12235797877108	99.59406495336442	72.19995274177825	65.53124238910355	51.797860883642215	51.285761895834376	8.803
d1_12_blindschleiche_w24.wav	a:	353	2.895	198.84428708387085	997.29	1730.018	2603.768	97.90870300237549	72.92441078576772	70.4221154051167	57.3402325856361	74.62414511160574	82.65413085863	79.07354619827836	56.67439317812701	12.868
d2_01_kleinwagen_w32.wav	u:	354	1.562	268.4655229080694	355.883	2221.731	3482.502	107.98686757229146	100.68438239469236	91.45136436143866	99.49988754852318	86.36167823736764	93.8285132019486	76.38281712255676	76.63627791322685	12.836
d2_01_kleinwagen_w32.wav	i:	355	2.509	172.68815872888484	324.672	868.951	2712.284	105.52580538285842	104.79794648565752	83.44721359032533	104.6759429346106	91.24606453984525	106.10956830833652	53.43964012538556	48.01962406894489	15.008
d2_01_kleinwagen_w32.wav	a:	356	3.235	195.50026737612072	981.718	1876.496	2762.822	110.18381477447619	101.78847436146307	99.797965494899	97.17046004433337	94.63390094771071	88.93087210945973	97.14076834884105	61.79461702392565	16.974
d2_02_industriebackofen_w32.wav	u:	357	1.59	185.7332300425899	326.655	2225.283	3384.1	111.10127157087571	103.60044122089295	83.06245814418301	100.65450399236343	85.36788035185522	80.6212199355475	73.03724938104862	60.24467926307993	17.092
d2_02_industriebackofen_w32.wav	i:	358	2.576	171.77901569963842	346.534	2664.974	3617.05	109.2044615254153	101.77996119699347	83.06452212563116	101.81131248608182	100.38846235127504	106.51727743362811	71.9732266165657	73.45951671364388	14.259
d2_02_industriebackofen_w32.wav	a:	359	3.56	187.80129138912076	976.337	1605.887	3034.402	114.51406956740239	108.28865146041566	108.82589012367771	114.23328148850733	97.1529156087833	91.32254200104815	86.4388365177095	56.02927638503306	21.75
d2_03_dompfaff_w32.wav	u:	360	1.205	327.4825628107663	979.153	1913.986	3361.91	117.306929344034	99.20345354502737	79.69271735357793	103.9811909908314	71.24318022507393	75.04579120324237	71.58682310074765	54.31741428368574	10.566
d2_03_dompfaff_w32.wav	i:	361	2.393	298.3784170019691	325.463	1177.578	2962.961	112.02961448641757	103.21388796534352	85.21793203447491	111.80745789808945	86.93339098737641	128.5079999159522	74.13947414533735	79.99316022085411	9.482
d2_03_dompfaff_w32.wav	a:	362	3.151	312.35502787649625	1150.879	1898.117	2964.761	114.24862257263158	106.23012400165781	101.1399232908698	100.8746769050301	101.39224086655007	98.30388448345639	105.05050746018703	75.04405240683468	8.31
d2_04_kuh_w32.wav	u:	363	1.551	231.00190381134465	294.618	860.18	2751.421	116.5308742183204	115.46359186604636	102.17644574493346	116.1474857377363	94.19132248880693	123.92390517642069	79.53915847789399	51.12006391181818	18.222
d2_04_kuh_w32.wav	i:	364	2.658	233.47773148058153	279.618	2287.164	2960.72	119.34024944904534	111.49972674989327	104.5712656781403	119.64480052382133	126.56407242636908	117.53143262637613	91.75965529016244	61.423659257330165	25.491
d2_04_kuh_w32.wav	a:	365	3.444	241.30411598217742	950.722	1567.033	2995.276	120.13691671754214	117.32362130893632	86.52921365698549	88.25231054562458	96.40242416775621	112.99864859504777	105.86258223281932	78.0381081469803	22.924
d2_05_armbanduhr_w32.wav	u:	366	2.356	229.66067609859985	452.992	1148.068	3083.066	76.36903450535934	45.440416659645024	44.0441665617412	45.241821630101754	45.78141666818357	81.16251928782691	49.77873129180307	48.1887075466781	17.079
d2_05_armbanduhr_w32.wav	i:	367	4.211	185.53951923919792	366.405	1966.099	2803.233	94.45287426127958	85.87968101504924	63.35634428191939	85.83549860937683	58.76166269432416	61.88819045417959	44.387742876263516	42.64792403065396	12.906
d2_05_armbanduhr_w32.wav	a:	368	4.957	189.87130090110597	1050.452	1663.767	2766.075	107.49233151721009	101.40892842328641	97.47218086921944	87.64188881313032	77.5312027850598	88.58250952787402	87.91843299564208	57.385199192825496	17.947
d2_06_kontrabass_w32.wav	u:	369	1.843	194.71223468752487	314.188	2260.705	3389.16	109.18525350409328	105.12442802409008	95.79988316608527	97.92083513031986	87.72290416302428	79.53767937593311	66.35873403808534	49.30518284746234	10.634
d2_06_kontrabass_w32.wav	i:	370	3.626	187.77684401211886	867.896	2508.268	3544.786	113.42885330966647	110.49856997134583	83.06259203854819	83.15407177418334	76.62439691440645	64.2755593419217	70.47187999404368	48.6678425786443	20.644
d2_06_kontrabass_w32.wav	a:	371	4.676	205.57248440743004	1025.581	1640.201	3079.664	109.71415126181523	104.75821079656595	90.26382319881365	87.85211098353612	94.66422517301258	82.57786273708176	88.7485939961177	64.38606435867518	23.178
d2_07_krokodil_w32.wav	u:	372	1.291	233.48936389732694	395.377	2238.615	3066.94	111.680169035839	105.61034304481674	112.6964255880577	97.74643274915604	91.5782718432323	82.65069530878199	66.13262447273102	61.03633334271987	15.6
d2_07_krokodil_w32.wav	i:	373	2.42	187.29512122329666	296.05	2512.349	4074.1	107.92483430017161	100.44050533047658	97.78087289698982	92.64012957100493	95.27953945862455	111.04472356040239	71.5669194603141	84.19407479066068	0.697
d2_07_krokodil_w32.wav	a:	374	3.22	187.8171416743898	1075.254	1748.554	2578.771	109.60817679446896	104.30750349800877	97.43878219593321	85.3198402054143	84.5367133726538	87.09808071829184	92.43422608792454	74.72927133157091	14.573
d2_08_handtrommel_w32.wav	u:	375	1.285	188.6178635704385	338.492	986.761	3146.685	104.67898657814148	93.14428247244695	75.85803998964931	90.59713996270986	58.16920638129817	114.16222485895841	71.40826006437541	57.69408243932016	14.297
d2_08_handtrommel_w32.wav	i:	376	2.636	189.88721589135358	359.854	2720.334	3563.075	105.8657243034532	102.3898919246717	99.97210797476109	101.80465453572444	77.7837495910921	65.81382836483293	70.01243266674005	44.565369545586265	21.462
d2_08_handtrommel_w32.wav	a:	377	3.204	203.8431549057152	904.859	1691.805	2740.191	111.88762097344328	109.4300177094835	100.38096810916713	100.00783256223747	110.04696982666422	97.00891916527348	101.5877477405119	71.16536227466578	23.215
d2_09_jumbojet_w32.wav	u:	378	1.084	286.57486317412514	316.052	2188.66	3314.012	111.91209595204043	111.38592447037057	106.16889525347742	111.25838017311355	79.6120791283434	99.85767944537386	70.73676422606532	63.96366831667757	13.977
d2_09_jumbojet_w32.wav	a:	379	2.45	256.1820259369239	1037.48	1805.423	2869.712	114.62645337810463	107.02060525300826	83.05354734950586	82.82132756150082	93.59956338234863	102.35562387597122	100.37480398700112	72.719465548527	17.723
d2_10_kondor_w32.wav	u:	380	1.701	247.98369988811734	1175.714	2166.85	3353.302	116.08589051789338	108.59631414988596	68.69555820676612	66.79322496349941	69.38291286551485	66.11199809769076	75.93076875675803	64.51448367165361	12.89
d2_10_kondor_w32.wav	i:	381	2.787	255.37804790242024	295.566	876.4	2764.79	106.73107609867141	106.7874771400709	90.52157580127363	104.03268134776711	108.24777337100168	115.52817673754924	74.77782590221028	84.47066796911056	-0.371
d2_10_kondor_w32.wav	a:	382	3.745	274.5570112828219	1079.78	1932.365	2811.91	117.42323424800381	106.74214164168882	114.05476812299133	114.07827469446852	108.06362081842565	101.58363740210947	110.42121609726027	77.64390270810277	15.589
d2_11_kaninchen_w32.wav	u:	383	1.687	425.9739924826011	539.792	1430.814	2463.007	112.5714879904836	106.48895148765068	105.22920259185051	104.44060649721152	101.47563123132412	90.52866027955437	89.95732208135097	63.878416475349475	11.448
d2_11_kaninchen_w32.wav	i:	384	2.586	362.5886911395415	364.379	2992.582	3564.186	120.97600452809756	97.8124379411517	81.19044976107227	120.99451265299642	108.11451035773592	103.80749254342025	72.34457922708009	71.6572174633589	15.683
d2_11_kaninchen_w32.wav	a:	385	3.358	357.7936320561127	1043.508	2118.378	3186.419	115.69701390650813	109.74474615587197	108.93441977992715	101.11060895650766	114.56851757118892	113.05473140411259	116.52503045129956	90.06872324499909	19.872
d2_12_schildkroete_w32.wav	u:	386	3.699	205.77809071153467	346.226	975.176	2529.77	105.76389025244657	100.94213364253756	89.55792159790437	99.24368249419537	89.84022008577288	79.91039596503624	56.37882021984332	47.455740406807266	12.839
d2_12_schildkroete_w32.wav	i:	387	5.776	201.60299340378538	381.289	2636.763	3785.898	107.96910085750136	99.2758042838605	100.07717035581582	98.06910086405568	68.5123456612321	88.06110974504674	62.05774392910881	55.12241975446944	22.216
d2_12_schildkroete_w32.wav	a:	388	7.264	187.4630562393879	1050.261	1665.566	2948.643	109.56623821106686	101.18171895822859	98.83059736698911	100.81315143131589	91.11323559221411	80.44716482453877	87.87294147851998	46.89413525264352	23.85
d3_01_bodentrommel_w24.wav	u:	389	1.724	202.6853546429334	359.781	2618.31	3332.739	105.98748320754886	101.84696315337962	107.1720024961487	100.89109337513696	88.71178142291694	63.46839946444018	53.113075452048726	46.086595701500116	17.054
d3_01_bodentrommel_w24.wav	i:	390	2.961	201.781210876902	373.348	2671.006	3446.444	106.7697834291047	98.35933693364268	77.28114085149058	98.13339359920879	89.0290711193436	88.6509505344369	69.86580821963467	70.67662153494089	11.944
d3_01_bodentrommel_w24.wav	a:	391	3.632	193.4359190926587	758.314	1505.286	2510.448	109.46446992686757	104.9134078148976	90.95764354544694	100.56625398851008	78.99546404605496	78.88015195001904	90.14894438560559	65.77912233821591	13.139
d3_02_spatz_w24.wav	u:	392	1.069	427.66653671704324	430.393	2614.54	3022.222	108.10774639107281	116.82412222818903	79.42807304899836	108.12977893494164	86.28817889493703	66.35289629118225	61.58615612234071	47.202102600951925	11.304
d3_02_spatz_w24.wav	i:	393	1.874	377.58702890466316	423.79	2825.171	3606.589	105.45353040873482	85.45965632035062	83.33099922517852	105.60374566965874	96.83813290163272	96.4287404852912	71.96100905840558	75.2849018234447	7.184
d3_02_spatz_w24.wav	a:	394	2.265	399.57843059875364	788.465	1818.429	2867.835	112.42717336540815	85.56563302756206	112.40074838458935	75.40665921611651	103.9875034035305	96.4005248870744	113.13651665041562	80.8690513943315	19.358
d3_03_grosserbagger_w24.wav	u:	395	1.377	163.59299758877694	711.191	2468.851	3670.407	108.65846245000661	110.87125916277972	91.15830823934127	89.99535258527025	58.01841960083535	71.38641609733692	54.926564925569316	48.1747020418055	2.777
d3_03_grosserbagger_w24.wav	i:	396	2.513	161.84538010144382	300.618	2421.054	2691.365	97.67917055108151	80.72984090892709	88.09081718939893	91.12813817599856	105.50565500432853	89.65470726365038	70.72887371771422	65.90242363018329	2.636
d3_03_grosserbagger_w24.wav	a:	397	3.142	146.35624426389515	794.486	1334.953	2563.504	103.2555855129149	103.2725445448425	102.65781705862756	99.06589540290385	97.79746020190026	106.20448811548907	89.35552587678382	63.551162232637054	23.733
d3_04_violine_w24.wav	u:	398	1.47	408.5568237272405	1103.05	2642.102	3736.5	119.80530603023858	93.13988105214987	65.79683096345892	69.96942733944216	74.4729815253536	64.39194285386722	70.89870120704316	53.62410192891845	6.915
d3_04_violine_w24.wav	i:	399	3.014	349.17595477822937	349.603	2077.572	2779.681	107.76461922046838	74.52496411859258	70.4219669250481	107.76910388569623	71.45141540549113	99.13204370375288	70.60701389036748	61.363164953906576	-1.354
d3_04_violine_w24.wav	a:	400	3.865	238.9356451160785	1035.76	1709.452	2838.845	103.01952768121001	85.74511696686184	89.04035227274684	88.58329459992271	94.30092093223584	98.1063263160269	81.97451312270039	72.37435569461698	17.225
d3_05_kleinflugzeug_w24.wav	u:	401	1.013	320.07709005256675	473.341	914.823	3029.636	112.23357682318752	104.28601792563796	119.59354346945892	73.43828480373494	90.42946129200087	110.8671195013009	88.70342464639023	53.07908477942323	16.782
d3_05_kleinflugzeug_w24.wav	i:	402	1.582	320.148778095131	367.566	2809.287	3006.216	121.4351847557679	110.53316857144823	94.84068503923835	121.78206579922231	125.35738191810586	103.05265912750333	87.90348116992243	79.41875290383021	15.72
d3_05_kleinflugzeug_w24.wav	a:	403	1.937	303.8712725438887	694.007	1644.317	2640.692	111.1317643574224	106.72882070914949	91.87853088935988	104.50324925496075	86.96228117997794	93.45570585165858	91.55844717913169	71.69287749310891	16.722
d3_06_gecko_w24.wav	u:	404	0.93	220.81398107455303	1158.411	2288.245	3356.08	105.42808413740948	95.05421001537266	68.39196340071763	74.54039274922943	68.0594449023854	62.24960829804924	74.40327939276372	56.007665925741115	10.407
d3_06_gecko_w24.wav	i:	405	1.977	284.76408676687896	290.964	1305.954	2938.085	117.92089634090395	95.36517143212164	75.55037841396793	117.96170637336732	79.71580920870453	105.40347397609185	66.98155874258518	65.04912882338797	14.94
d3_06_gecko_w24.wav	a:	406	2.59	203.84298877651742	851.399	1905.937	3005.854	101.60634716077287	89.58538902595006	77.44327587492624	78.99229570396427	101.61778286149891	94.64568927897622	99.90459629060314	80.67632068936668	9.538
d3_07_komodowaran_w24.wav	u:	407	1.425	89.08760326287373	389.905	2193.034	3104.066	82.67105041417786	103.92786299040523	94.7945808022731	94.30060222794248	64.34851977363029	87.88919342660651	69.81535817382577	49.26698115910039	2.647
d3_07_komodowaran_w24.wav	i:	408	2.879	207.42493368629582	275.178	1173.463	2989.902	106.95467038666703	101.3402040335283	92.6896324139901	102.53404556518791	87.89168210449719	128.53228532881255	74.9597522959493	87.22156651823991	12.138
d3_07_komodowaran_w24.wav	a:	409	3.723	167.40844694930956	977.611	1602.104	2652.276	97.97139553106648	83.46016192073745	79.33844253235497	71.36005961659677	81.20547400800659	71.93877096358	66.05986193130545	72.51931802045219	-1.974
d3_08_baer_w24.wav	u:	410	1.576	138.26289880183506	310.546	711.785	2417.947	100.73952157482324	81.30063962476743	75.06324807569172	72.17629403197307	76.78728243096307	110.98736196887421	65.70493700243321	75.05043923471797	6.945
d3_08_baer_w24.wav	i:	411	2.827	165.9353411325641	284.889	2332.46	2590.201	113.11063356958395	109.51142577420389	88.0652377114301	108.91773416836182	97.70960351694575	91.30835679242163	74.88807189265998	64.49711979293608	2.526
d3_08_baer_w24.wav	a:	412	3.679	153.76803390859934	740.942	1350.344	2625.991	103.06369179881129	100.99824053542463	89.37203813506184	81.74693501025122	91.24349852215886	78.21770358754063	75.6680019593052	62.0757362733347	13.82
d3_09_drucker_w24.wav	u:	413	1.726	200.92440238718632	399.15	1028.303	2624.877	106.82181277829281	106.77179455439845	96.74675753885174	106.7617567342869	93.01992597747466	108.34594259021209	71.50674319284788	48.68487331337617	16.6
d3_09_drucker_w24.wav	i:	414	3.085	204.6158342140598	425.88	2768.23	3327.841	109.57906001081795	99.07808631283883	97.59946416263077	99.07859001697113	100.05458754955109	99.37387255243019	77.82965393280469	66.60345191864408	22.825
d3_09_drucker_w24.wav	a:	415	3.472	198.70168253538048	749.473	1529.648	2576.079	109.2126147529381	109.1731684367033	89.49056135786553	93.99364595057762	96.67153321755725	93.1037314468623	93.91398297337078	74.98039449396802	25.951
d3_10_harypie_w24.wav	u:	416	1.166	224.08055369785433	396.943	2130.646	3466.434	106.80653885747047	99.66767425266863	98.23576759320213	98.22114340592097	92.00686244837397	82.44886252672356	75.27049784867286	57.53356698785864	8.41
d3_10_harypie_w24.wav	i:	417	1.996	314.47654481919795	332.758	1266.974	3038.229	112.6548514612499	91.43851354441416	85.92944520650583	112.77574271910312	86.07420311225648	108.16366316602227	60.473841563774435	64.62839221778033	10.05
d3_10_harypie_w24.wav	a:	418	2.617	215.20020659538952	1061.354	1948.877	2926.241	105.31846338138718	94.52100718438038	85.50274052998023	88.55953530747323	99.81329393856706	103.71895024354448	104.28255366346363	85.88646142313061	7.37
d3_11_aeffchen_w24.wav	u:	419	1.575	493.23781988945257	492.85	1477.03	2756.33	111.80573916662402	103.91903663430999	106.33140660826993	111.80289359913692	106.26980886203435	106.39430100847068	90.36573264146391	74.90816232404542	11.407
d3_11_aeffchen_w24.wav	i:	420	2.363	460.2236214107146	475.567	1714.872	2841.358	100.58858344975775	85.29832578454487	75.75919538858136	100.16547227176991	72.93961340159915	111.1167221540758	85.67849185447749	66.62006927210784	12.097
d3_11_aeffchen_w24.wav	a:	421	2.799	242.63791203010626	752.931	1768.577	2759.81	113.13198457052835	95.36718008199674	93.26520108323407	100.6542687657457	110.54925137550055	114.04930071224871	103.35380548909158	91.24253212088816	9.784
d3_12_wanduhr_w24.wav	u:	422	2.58	255.4988062380168	637.437	2629.919	2968.101	109.51947831493763	88.70340175678217	64.68033988649302	72.50654902665897	79.20017563223767	66.58726190656316	81.31776224593511	58.02592311008109	-3.172
d3_12_wanduhr_w24.wav	i:	423	4.924	287.5200032968175	293.582	2688.246	3287.51	109.61624810590719	92.10747565074165	78.70405866270698	109.68949685080752	89.06292679603933	95.00180839157422	60.17938336934349	53.23336466568701	12.783
d3_12_wanduhr_w24.wav	a:	424	5.925	266.736134495438	808.981	1703.616	2764.214	96.76220185341882	80.6566730255191	62.19269781253142	65.0274983143431	78.00230052405814	77.25375151073422	79.78278429604454	64.21350836273965	9.045
e1_01_schildkroete_w24.wav	u:	425	1.509	342.9624942885037	366.063	1007.77	2572.768	105.15871809686303	101.46088594516284	98.74613663516672	104.77518558857547	88.62731987819329	92.55383042899243	64.59227075021192	53.453305395296496	13.611
e1_01_schildkroete_w24.wav	i:	426	2.419	265.6493684563859	303.653	1533.09	2710.123	111.54924793943869	88.50958702750262	83.26885385819881	111.79428457710073	77.15326405067526	113.72150610544091	65.33207521827637	80.74345765753178	11.029
e1_01_schildkroete_w24.wav	a:	427	2.87	222.2995599154417	869.716	1551.156	2842.01	110.1262523291469	106.11212982169012	77.01187103912605	84.98865165043776	70.68109445599859	86.93493914460008	92.87537854257806	66.40057598880277	19.679
e1_02_jumbojet_w24.wav	u:	428	1.409	282.2251919808583	356.927	958.239	3059.715	110.84858513359735	96.1171603498538	102.96783157409438	109.96236977780657	86.68543996170209	111.62857647325373	76.96389379018856	61.003361152900794	10.646
e1_02_jumbojet_w24.wav	i:	429	2.138	322.62331349039397	327.496	2071.567	2746.104	116.7933145559456	95.20922014183719	85.61478445180117	116.8356570236745	88.09411046594676	106.4550313204876	71.85400209356997	81.21242901270882	10.276
e1_02_jumbojet_w24.wav	a:	430	2.436	207.90232931787378	841.454	1439.807	2789.26	106.87822167052227	103.43716380782422	100.55283072811572	100.46571803681489	102.53538410622417	105.99851907505894	96.33563769338281	63.25270267141913	28.418
e1_03_backofen_w24.wav	u:	431	1.515	274.5589555636109	312.778	1075.889	2452.525	102.99487334164341	88.65909669404198	101.84159355265407	98.84975091822014	101.54147091300156	107.86252566152348	64.14905762827105	46.58177626236153	11.176
e1_03_backofen_w24.wav	i:	432	2.784	263.4265580094279	249.473	2238.93	3286.443	98.16136673810078	91.41179075099826	88.95640880782935	94.13196041269926	103.8142790488782	99.02493358214302	76.4055042830205	55.571510776982535	17.545
e1_03_backofen_w24.wav	a:		433	3.222	201.0813307557824	772.947	1354.469	2883.014	108.27760381145262	83.72992463700994	83.53654314489046	83.41081707236121	71.98135933773816	80.44222210712678	71.63353752573724	57.80636726892315	16.499
e1_04_harpyie_w24.wav	u:	434	1.446	352.9039574133531	418.019	1127.224	2510.709	111.5111076259654	97.41110631766787	96.16972813012354	110.91563028326232	97.40418552778837	101.0766155211568	80.75800069583622	58.39924906512101	8.849
e1_04_harpyie_w24.wav	i:	435	2.583	--undefined--	1262.413	2736.044	3529.182	--undefined--	--undefined--	--undefined--	-30.59348237640365	-6.987193395691648	-22.899449301399816	0	0	7.729
e1_04_harpyie_w24.wav	a:	436	3.045	303.1489982625638	897.22	1514.179	2533.221	109.82504049219625	108.05781422063791	108.04977696536179	105.12564573086983	119.34042267038163	107.67951959350044	108.82436338829477	84.22187375853775	30.961
e1_05_kleinerbagger_w24.wav	u:	437	1.145	353.3373726321823	340.152	1168.235	2673.661	108.77480269327324	97.63837140663132	96.89649336577254	108.42230956565523	87.34184743985467	116.9832324288409	93.13659430947313	71.1529132651488	18.281
e1_05_kleinerbagger_w24.wav	i:	438	1.948	248.3826352768863	281.637	2663.192	3442.904	107.42565595723455	91.56881680347492	83.46006440203746	107.76387730810345	90.4685466125458	93.61239558217613	60.8296874895116	64.11007417324848	13.755
e1_05_kleinerbagger_w24.wav	a:	439	2.338	212.16988700606782	828.175	1433.23	2911.713	105.11042488700403	98.16307028296809	82.64035482993839	91.12112582754514	78.81591882755694	79.40086163287788	70.56696224138206	56.22230825210771	13.44
e1_06_elefant_w24.wav	u:	440	1.367	255.46777440241036	267.317	793.264	2312.463	116.26131373561898	87.95575808204659	100.19915166262427	116.3336154108514	109.97819141258753	110.20004040358829	66.63137520627336	45.837039645434075	18.552
e1_06_elefant_w24.wav	i:	441	2.426	233.73641872526375	253.318	2437.822	3297.248	111.44307354446866	96.62295702237961	76.16875541755381	111.66799103941943	100.15036919894315	102.69374925098019	63.06939814913032	59.2164926923591	20.882
e1_06_elefant_w24.wav	a:	442	2.861	191.49044879333857	773.935	1303.116	2723.647	104.32489717587612	97.08777241109902	89.84974693325975	89.77698201053727	87.93048404536684	83.59867010301919	69.46314924344028	50.378431931269496	15.272
e1_07_aeffchen_w24.wav	u:	443	1.629	417.45059575105785	420.619	2697.418	3215.335	113.80942046616694	112.59216721580661	84.23324755837811	113.83562675643246	65.69148591146862	66.02010382318872	65.88964181122739	57.53581014275633	14.009
e1_07_aeffchen_w24.wav	i:	444	2.517	347.330462048437	354.288	1203.808	3019.699	100.39163774417138	90.96608168786784	78.41678130511352	100.405315925212	77.78310622763352	114.1554187184389	58.73273603527629	85.4088378955305	10.473
e1_07_aeffchen_w24.wav	a:	445	2.918	271.2571928065	1047.867	1633.508	2723.472	106.87442338730659	98.62149061939954	97.42013998507443	96.50882737174561	102.60992253407728	99.01973395766476	99.19711418134058	69.6952623797328	23.43
e1_08_kontrabass_w24.wav	u:	446	1.816	348.2621867193474	349.184	1064.136	2420.445	120.40768062108269	98.38643566942045	100.18938927052906	120.41348479522202	103.35261007640065	104.3585338424815	76.52367012286062	61.898124141205244	14.956
e1_08_kontrabass_w24.wav	i:	447	3.042	309.1222267125925	312.01	2240.464	3129.049	107.93781011217257	89.49741231218906	78.62119803082344	107.94171726910848	95.206775868374	105.15795158346799	86.78962104659193	64.82208132513259	17.228
e1_08_kontrabass_w24.wav	a:	448	3.445	193.83415230741898	799.739	1354.541	2815.649	105.09216395417992	103.4571272113365	78.74626809124436	82.07575093856366	70.00506987523812	79.34366682172356	72.56513834731378	60.89362226756062	18.766
e1_09_handtrommel_w24.wav	u:	449	1.442	306.42910588956636	1023.662	2474.094	3885.777	114.29295102392277	89.22493345192322	81.88312155409453	65.97241312341181	60.02846964713052	73.99665940012324	70.79821808026517	50.56444485183573	-0.473
e1_09_handtrommel_w24.wav	i:	450	2.669	254.2086642710104	263.869	1330.994	2776.698	97.23095215570746	99.65070627151559	90.68514719095518	96.28689274060825	97.22264916897393	120.27073075364859	58.93652303660815	66.26480872381933	22.183
e1_09_handtrommel_w24.wav	a:	451	3.211	250.38538712106012	965.027	1441.097	2795.575	104.38168871759746	100.51125065468645	98.67693269352931	98.63031699033823	86.15818023031746	94.32651548219373	93.0174332379209	64.19599674935557	29.388
e1_10_industriebackofen_w24.wav	u:	452	1.564	217.8828976906327	290.36	893.805	2324.051	109.53913488390393	100.10877944196488	98.46248387436856	104.14595276542384	98.97307277318221	105.89062588119094	70.3666747787322	49.72049767064537	11.032
e1_10_industriebackofen_w24.wav	i:	453	2.646	269.7900857853801	244.544	2153.652	3176.482	121.26989518484629	102.66293000355421	95.76086574690362	120.81599472437163	100.74014940701544	97.98839902510106	81.42492261119116	61.671882351936176	13.073
e1_10_industriebackofen_w24.wav	a:	454	3.006	196.78610049612135	770.92	1357.228	2732.661	104.5902984565673	99.09527115634924	93.73936865396584	93.75819393174639	76.50411635531998	75.34097599763113	66.82799348559766	53.78437695593838	21.698
e1_11_blaumeise_w24.wav	u:	455	2.261	446.4116422197455	452.932	936.634	2936.816	112.96215017507528	101.7125354415475	91.91854981383403	112.9402097913341	101.80220082381433	103.18318085287024	71.56696182680548	64.36924163633026	14.115
e1_11_blaumeise_w24.wav	i:	456	3.101	360.1241494184615	402.647	1198.628	2907.585	103.52482227173276	94.49748236546242	83.93433792423457	103.04202522675803	81.51718548311038	119.48834748520342	75.66827003042098	94.79016507805773	13.689
e1_11_blaumeise_w24.wav	a:	457	3.52	318.5080959591332	1080.933	1715.594	3086.044	111.51355882759006	109.89152892336966	89.02699445085895	91.8200342968748	94.09305915591072	87.98398751220047	100.71932411668301	86.301495664829	20.098
e1_12_anakonda_w24.wav	u:	458	2.01	346.6454705883163	366.956	1899.188	3304.009	104.74992740029523	105.10349136471805	100.87635764216292	104.2714141383781	97.86180648602122	93.83141024562616	84.79138406289519	74.85069274980663	12.134
e1_12_anakonda_w24.wav	i:	459	3.402	297.0943695596517	303.505	1404.389	2949.729	120.01499651202957	85.42889748707341	93.58348067585611	120.06486500162424	90.93353520092185	122.438448406209	70.59946901799756	83.01735639841398	14.394
e1_12_anakonda_w24.wav	a:	460	3.951	229.5806813002147	893.912	1711.718	2800.942	106.10437217333552	98.62974623382858	101.79857680493657	101.85092665972172	90.78887552941768	91.35117400549917	93.20049572387268	60.96703218637623	21.382
e2_01_kleinflugzeug_w25.wav	u:	461	1.492	332.68277569905007	350.088	2630.716	3973.804	104.89718250390244	111.1829986208214	91.94074830685626	103.99712032587144	82.69809168263299	84.0314814732323	72.66242188782962	51.65012106877414	14.105
e2_01_kleinflugzeug_w25.wav	i:	462	2.905	315.8602785465877	326.179	2575.843	3589.452	104.54276463173177	96.62629090758631	90.14628767674611	104.3960347072446	96.95240384260411	112.69598339565833	70.6743230344692	73.79153141115606	22.833
e2_01_kleinflugzeug_w25.wav	a:	463	4	225.57193702116135	886.969	1576.967	2445.774	110.95258112125542	105.32326345760482	100.04419490139543	100.05839338109502	98.10979205130498	101.18277918966189	97.82279465184499	64.25304636413858	19.165
e2_02_suv_w25.wav	u:	464	1.509	204.23293779941747	309.543	2354.695	3368.014	109.80877002454775	111.83161136376796	101.95387291267146	91.75558032752774	84.36521213915145	96.30882737609615	79.9019081032195	51.676206846393654	13.605
e2_02_suv_w25.wav	i:	465	2.461	197.94491597370387	314.063	2368.931	3382.348	110.80037202802876	103.21100569048912	89.28700044949491	96.80292081894676	106.64158014448951	108.31061243101776	72.99077779189575	55.39651023377508	22.584
e2_02_suv_w25.wav	a:	466	3.535	168.28729960149434	855.108	1379.535	2547.166	106.43179986193073	99.10994863432596	76.09749517942078	70.33263959070058	81.5057031056847	80.35302756032064	73.67859024221993	52.22178188938681	18.861
e2_03_armbanduhr_w25.wav	u:	467	0.906	340.50705785532045	383.441	1125.709	2585.405	107.27162977051091	101.77813407128248	106.97233533916628	104.42886427180267	88.09533754725075	108.52952208720359	86.53750333032684	73.09335060277648	15.868
e2_03_armbanduhr_w25.wav	i:	468	1.491	331.0578269737179	327.302	1503.919	2562.244	105.2109132755566	104.15842540184863	77.78325625240392	105.1353093153273	76.6252805712738	110.63381086956522	87.1276573844189	70.58249240607502	13.813
e2_03_armbanduhr_w25.wav	a:	469	1.693	243.23846519289506	938.995	1514.766	2323.648	108.67462286821046	111.06542147693375	81.25920488635461	86.59213347152038	96.37243612856065	94.5001720171513	91.1095234724253	62.67060746654366	18.122
e2_04_bodentrommel_w25.wav	u:	470	2.201	264.26664630938205	275.088	2383.299	3478.841	100.64492213139832	101.58562734294168	99.47771489708065	100.55040842524117	74.68010261883687	75.46939719045278	66.21784757121976	62.769053763714	16.645
e2_04_bodentrommel_w25.wav	i:	471	3.85	216.26931014248896	262.373	1210.667	2540.725	106.41617881357274	102.1523951633334	85.86712839714457	106.3855287697453	83.6077281380442	120.67728946799164	74.27179145054478	56.164349789991405	18.944
e2_04_bodentrommel_w25.wav	a:	472	5.309	221.11676904463613	860.366	1350.033	2643.6	109.0667525256002	104.59933344452956	109.48026950404405	109.35573081958388	112.45925076237216	107.82128672836171	89.91997324555383	60.75720087560845	24.992
e2_05_spatz_w25.wav	u:	473	1.557	415.9343975812981	474.568	1258.598	3168.379	108.73543927025707	112.48380911715316	113.90674925507332	92.7444676969015	100.02905039947126	118.4323777136855	95.43906151847014	73.1556533700317	14.23
e2_05_spatz_w25.wav	i:	474	2.233	373.49971358705085	377.025	1999.88	2593.482	92.25220262197855	97.89875302928145	98.41197091159214	91.37920492612315	106.06651918511898	120.98648168603647	83.45775756366797	73.49081706549504	20.704
e2_05_spatz_w25.wav	a:	475	2.551	312.40838561450795	1094.038	1818.133	2631.53	109.71477114094448	111.77492968190288	90.43005945479158	92.34868565175924	83.77602624941926	90.22195362275679	96.42199930948776	62.597095144388334	18.004
e2_06_kondor_w25.wav	u:	476	1.71	297.0179977711366	309.117	913.982	2226.715	102.03270457155956	99.38932029318342	98.34950087845439	101.76822065837428	90.57513704295367	92.98710255688611	63.54577473734764	58.557019604298674	10.97
e2_06_kondor_w25.wav	i:	477	3.346	256.0229535819842	267.122	2573.652	3435.854	109.03790806176485	98.18464878624235	99.98155733008795	109.13672467500496	100.18759759897392	106.76210409563781	57.21923796573819	54.57506985851117	16.744
e2_06_kondor_w25.wav	a:	478	4.473	191.9245295206102	922.012	1505.956	2427.724	105.70472159880183	102.69378005808562	101.94778315693756	104.56769210006271	99.44818726686466	97.22398118090965	91.09641000700707	62.94109752944265	25.803
e2_07_baer_w25.wav	u:	479	1.468	248.99434444888945	270.658	2279.798	3245.685	107.25326230478761	108.0766262667913	103.55580931554387	106.29128711027509	72.52899565584671	100.39388220178873	66.26437387654977	47.89418758185113	20.999
e2_07_baer_w25.wav	i:	480	2.704	200.9273289213364	238.56	2191.437	3417.733	104.02783424596205	103.74678432622372	87.47125954119657	98.70838198191387	84.14091814991778	106.69624962150118	75.60538992033658	47.48609868794417	22.125
e2_07_baer_w25.wav	a:	481	3.618	191.92952793452267	775.91	1306.318	2526.881	112.22067835841389	111.87457072807581	92.07684035878319	101.67207633311456	100.887947516754	105.50134250235821	84.43158923864976	51.70778880625803	23.53
e2_08_gloeckchen_w25.wav	u:	482	1.035	387.73375644602976	476.409	888.119	2884.04	104.52594281816926	87.94097596269003	104.59918053120732	101.0965579228741	86.5646323838735	95.34992895575027	72.54811817279297	48.92847348757415	13.485
e2_08_gloeckchen_w25.wav	i:	483	2.263	299.7077420091716	311.599	2459.543	3867.68	101.54087411329567	96.64423193223809	89.44941703981866	101.41259206627221	97.43659343246338	106.66376148634143	66.26298327182307	73.86270205362958	18.729
e2_08_gloeckchen_w25.wav	a:	484	3.422	227.42090384006087	905.499	1537.693	2667.602	108.78088496979615	105.89581254233588	112.47466823245955	112.48199215170234	107.24961959195227	95.52484475091813	87.4668044414351	64.25802900557696	24.125
e2_09_kaninchen_w25.wav	u:	485	0.836	419.19128682663	561.722	1182.713	2932.931	114.000676323925	110.1091263451307	107.313984186177	89.41278498229846	100.5176766602701	120.97992865367047	89.19984410388174	68.23942477937132	19.391
e2_09_kaninchen_w25.wav	i:	486	1.809	311.0113262636435	372.994	1191.036	2658.193	103.22565816491657	90.28167817853803	93.7224880589007	84.13244559373975	92.70139993369736	119.06959375662422	74.50897168493388	63.59830114994138	12.678
e2_09_kaninchen_w25.wav	a:	487	2.777	304.32084945389687	929.428	1491.442	2546.429	110.73292524397243	110.5586248687489	109.96369831053275	114.01763590067003	105.58276012405015	96.9247083798987	98.33593446989765	66.5324216449467	22.847
e2_10_wanduhr_w25.wav	u:	488	0.759	327.04261106554884	332.763	949.954	2498.316	107.16923915232039	102.56943501171907	93.6515368722152	107.13898626116952	94.51740335783165	107.98361949588926	67.2797977249099	49.600164015773515	13.616
e2_10_wanduhr_w25.wav	i:	489	1.584	274.4399774722945	331.604	2602.409	3708.095	101.29181524471802	87.2590262284871	83.36090942945592	96.24499687850526	87.22104182866107	107.21972929046765	65.25112043487246	72.2495332129119	11.566
e2_10_wanduhr_w25.wav	a:	490	2.082	234.435124610188	860.574	1379.85	2391.999	106.63512024641143	103.04568089792933	96.0958712719792	83.60604564211756	97.01329370123139	102.36198416966619	90.84478103996696	63.92532900644448	25.001
e2_11_krokodil_w25.wav	u:	491	0.819	228.32881695113227	308.653	896.323	2323.923	109.98403225630051	102.54558034098731	88.83688089469729	107.27807803806778	89.29149247972536	111.83510795038028	79.52811476666177	49.978637053184876	10.912
e2_11_krokodil_w25.wav	i:	492	1.675	258.1035401746822	295.761	2517.081	3521.11	112.1595751723207	98.59877571646545	87.21622536889467	112.48666618835875	97.3911241917896	103.61610343500583	61.73378942548	69.35858487832873	15.784
e2_11_krokodil_w25.wav	a:	493	2.166	228.55761034680546	774.646	1348.574	2223.456	106.45578916357456	107.62900837863405	84.18395417447557	80.22963408807053	91.37491914549625	97.46728351828412	88.02887849792455	58.87497830806363	23.814
e2_12_gecko_w25.wav	u:	494	0.796	469.2223636234663	472.352	944.436	2800.798	90.23668515587137	104.27779824664592	111.97900814799976	87.97918932565636	104.2475020912914	122.0020623488433	82.27288341796111	63.89034871530057	12.331
e2_12_gecko_w25.wav	i:	495	1.461	358.9959846828432	392.695	1191.387	2716.857	97.7667960815939	82.5290124760694	83.18743403063966	91.27191914279683	92.7414296773235	100.88230724302254	70.52818530515898	63.34677890463646	3.793
e2_12_gecko_w25.wav	a:	496	1.976	330.6631677025007	972.29	1663.798	2593.463	102.19098844404459	89.2508708519495	72.40885620099276	65.93432442850585	81.2421833196745	73.91880408120691	93.49152805716328	62.55017089388102	21.386
e3_01_kleinwagen_w22.wav	u:	497	0.813	262.2532824609314	570.464	1397.204	3228.125	103.68652424334734	95.56505444365509	85.4688980970718	92.99499349579106	82.56763918286805	114.63012406691621	85.46114774679955	55.22420225639223	13.798
e3_01_kleinwagen_w22.wav	i:	498	1.392	237.3564435830814	473.083	2517.851	3202.857	102.43987625879855	96.57332636986769	80.92493870728019	96.56094308530598	98.11512227327334	87.75616771485195	69.7947782785445	67.11994640014815	19.387
e3_01_kleinwagen_w22.wav	a:	499	1.702	229.74914665877597	962.832	1602.159	2820.249	105.00116250968563	107.02103075081942	90.4899236763203	84.859544837297	100.0382327636988	112.45334553632613	100.47756441717935	76.57451055861152	24.611
e3_02_blindschleiche_w22.wav	u:	500	1.331	267.1708843607579	483.094	1404.741	3229.74	105.55660998256445	98.48955445153236	94.61499100009512	97.48374177334654	95.4094695989867	100.46751745378364	68.36427938956352	61.28968057013622	14.865
e3_02_blindschleiche_w22.wav	i:	501	2.122	220.80626554921477	435.154	2968.656	3935.292	103.28891984693735	87.12141841560796	92.8894271671643	86.58184172002397	90.21492530722125	93.79432144760065	61.11147821139038	69.25460525502024	15.953
e3_02_blindschleiche_w22.wav	a:	502	2.974	187.55480266019833	915.692	1778.07	2847.572	100.21217484975526	102.251647532388	103.18560980016298	105.78595265057751	100.89486161744193	101.02067592892135	99.35017187321341	63.20879327859789	22.701
e3_03_drucker_w22.wav	u:	503	1.318	222.42655659204343	499.492	1037.124	3117.408	107.04626714579425	103.905270415432	93.2247446925322	100.26192623235093	95.05528340925025	105.81395669755557	77.07609084782976	67.51870098268007	17.953
e3_03_drucker_w22.wav	i:	504	2.083	166.3581693349896	415.897	2632.018	3387.136	101.57199644321761	97.65477458346639	81.94306338924751	95.94498867295039	93.04851614242159	95.81299126963991	63.6892767218692	78.50133202300994	15.71
e3_03_drucker_w22.wav	a:	505	3.068	188.70014035380458	864.938	1433.074	2579.577	101.58684808615658	105.47335018327374	93.93620418674395	82.10394619030487	81.46850105133477	88.59374456194602	99.26637855841749	77.97835181302952	27.377
e3_04_kuh_w22.wav	u:	506	1.031	263.10197480537	510.297	1060.739	2980.785	108.19485206712842	86.87766099838652	83.80844455885016	80.86237000828716	83.42125974940224	108.43593394500581	71.1029700165492	65.41850228750836	17.833
e3_04_kuh_w22.wav	i:	507	2.034	176.52340708162552	356.616	2784.222	3483.849	101.61205146511818	96.61128634395249	91.04714718859131	96.59480225714367	108.05762176444537	108.21079459016296	67.36861871513436	58.449021568346126	19.792
e3_04_kuh_w22.wav	a:	508	2.807	185.58832871461806	885.796	1432.851	2669.646	102.38143295356224	103.5970827078968	100.36926240582521	93.62337690203216	87.06670384327937	110.34478476911818	92.71258793011131	70.94694264519771	29.773
e3_05_grosserbagger_w22.wav	u:	509	1.05	206.3711768791118	435.833	1105.472	2756.067	106.8215126528365	96.22447713117273	90.29951420470798	91.86645684691184	83.76167885096565	111.96232566788625	83.3584354040419	66.85763708167985	16.65
e3_05_grosserbagger_w22.wav	i:	510	1.67	183.79550045999326	398.221	2749.105	3299.591	106.0418477603904	115.62017312155234	93.89431059359543	115.84365623373576	109.09432369703826	104.36484835572821	85.88213144194454	57.410769492849745	20.463
e3_05_grosserbagger_w22.wav	a:	511	1.953	155.85071789537514	877.409	1429.784	2529.799	96.05100369152558	99.53767002176687	102.4888987525968	98.13744657743928	92.02157192111093	111.31116824258307	93.83093252425451	68.30040853663252	31.14
e3_06_buerodrucker_w22.wav	u:	512	1.25	192.3463316246105	476.855	1175.829	2978.967	97.98648157090979	99.28102565823893	82.2424643846839	93.35001826320396	60.528603189423414	98.29248596508667	74.1929695916478	70.75562529026773	17.982
e3_06_buerodrucker_w22.wav	i:	513	1.864	180.5131915136244	391.111	1327.355	2842.473	99.83080494873423	91.03522509621547	87.43260169802136	84.20644619660914	77.70259916914739	108.74181586379635	68.90171332292441	74.58808281023772	24.221
e3_06_buerodrucker_w22.wav	a:	514	2.733	182.84052438519456	848.548	1437.097	2656.351	98.62479208869618	100.37436065922167	101.79089593814662	91.90931039196373	97.55634206081851	98.40460160572569	95.52616542967824	72.19115729790619	27.42
e3_07_storch_w22.wav	u:	515	0.929	271.308155231673	522.386	1262.238	3120.371	109.04011230710788	95.85478507007497	88.06484975573252	95.66528857721207	79.86297299446866	103.26200517591613	89.05480379624095	72.97570927608889	14.956
e3_07_storch_w22.wav	i:	516	1.43	252.6164289513246	630.624	2771.174	3309.303	108.71467057913902	100.80537257559544	98.28313566367964	95.9402444222646	85.39234251434564	87.28394179676685	86.93768553443923	75.40482257395256	24.178
e3_07_storch_w22.wav	a:	517	1.78	206.9723550394435	829.236	1473.841	2724.078	103.22382568390796	109.33553000266159	77.72022674430715	77.67994969135204	89.29811503642229	106.07070921071795	89.44404326722021	59.58189395306624	24.328
e3_08_kirchenglocke_w22.wav	u:	518	1.116	253.57935726270134	552.157	1143.322	2834.665	107.17410135534573	88.1126932295777	85.55774591186065	83.84977346302605	82.92923945640592	108.94039058548833	86.86034969631498	68.74231935493796	17.924
e3_08_kirchenglocke_w22.wav	i:	519	1.761	205.0339567448094	420.806	1971.373	2650.07	105.22781574409268	107.16578863441885	101.17076099807801	107.18977859656675	86.71639250415018	104.07516181515645	82.9488123655692	76.7013292677465	21.292
e3_08_kirchenglocke_w22.wav	a:	520	2.241	199.31058309336726	917.805	1518.157	2705.756	100.8966019902255	103.4092394226859	105.033584845375	95.742822371161	100.2751235571033	95.06062103874538	94.14446028648605	81.44419523503805	22.502
e3_09_violine_w22.wav	u:	521	0.871	262.9666511290033	501.41	1332.318	3180.088	106.37548891165834	94.03740746429312	96.19601382795884	91.82614902135735	100.22795380087024	97.29744374947549	75.7533942358124	70.37486440384814	22.502
e3_09_violine_w22.wav	i:	522	1.51	197.58898391491468	382.464	2888.544	3650.941	101.68936399924675	104.56990027684071	80.15063526191719	104.44282027252336	108.67535622839162	107.31891027616308	55.53102126485898	64.3105468293802	19.656
e3_09_violine_w22.wav	a:	523	1.991	187.28472219524366	875.254	1537.807	2643.882	100.48750977602828	100.13732202677596	93.56112865759567	78.74980371622789	92.82838335987901	105.63159020841866	89.00596749464674	58.43134704081316	24.902
e3_10_dompfaff_w22.wav	u:	524	0.855	404.4537013237585	470.894	2046.34	3234.259	110.98064156655819	115.29973342585652	106.7274195359317	101.87194385799799	91.96335241198639	104.07865131407269	94.53376932659445	78.43062376818834	23.507
e3_10_dompfaff_w22.wav	i:	525	1.431	319.2128565488138	345.328	1109.858	3088.657	116.34000662062698	97.64835956123348	90.65679041099722	116.48390968493696	101.05954677772579	131.38777050602232	77.83881291632373	87.28350429211793	22.229
e3_10_dompfaff_w22.wav	a:	526	1.819	251.9828474797837	861.311	1588.977	2939.815	105.6241958356424	103.99052900229833	98.99450920760795	86.24157019112067	101.52318061099672	116.14430395598781	112.33753035930839	76.46765090713077	25.151
e3_11_igel_w22.wav	u:	527	0.71	257.3634234373573	461.891	1205.763	3363.067	104.42011167542151	94.57806320643718	93.9211167170644	90.8003830866885	95.86566880460622	96.8947754692071	83.34451026834437	61.03498638750152	13.65
e3_11_igel_w22.wav	i:	528	1.346	220.85690639566639	406.723	2998.187	3430.758	93.94037848342546	84.04583528893046	66.84085477657686	83.62834782713757	87.59526441847625	76.34291187288221	59.62010475948456	72.11388200263778	11.029
e3_11_igel_w22.wav	a:	529	1.798	196.2806256209381	892.681	1727.467	2810.464	98.66814511830304	97.24219406461165	89.26040457526292	78.50052878931018	82.28524146409772	95.00153649716363	85.08066510836221	64.4307556208471	21.606
e3_12_komodowaran_w22.wav	u:	530	1.048	170.20831346482868	365.93	1054.473	2807.773	97.37879307437926	91.64702607638567	88.46859780205075	89.37305260490237	81.28056322429173	77.52920529764202	60.864555806269934	46.07325903109934	16.686
e3_12_komodowaran_w22.wav	i:	531	1.833	169.21405975650254	339.792	1152.008	2921.379	100.80605429668648	105.80262834657529	75.46846683683819	105.80846223303865	79.92310585321923	98.18688079067887	68.71325905813862	55.84190235782296	5.65
e3_12_komodowaran_w22.wav	a:	532	2.777	170.4412127141342	764.349	1831.348	2712.19	98.5306084155297	99.12188594673718	92.98515335448633	81.92456859607347	72.89432322928968	82.80035654743699	86.1632139034265	57.00776262291784	24.041
f1_02_elefant_w20.wav	u:	533	2.562	215.80820925169365	315.444	893.851	2656.122	103.56523523516739	104.87163687985762	92.41201303842936	88.22417361645928	93.22077063318392	97.78980393977214	66.51241650216338	54.11346581387194	15.256
f1_02_elefant_w20.wav	i:	534	4.584	314.17661315257425	302.046	1056.626	2948.24	118.34045387873067	98.00194710361845	90.74711109256714	118.25717525339002	93.20494167455837	110.9880220642205	65.42042234263177	66.63090992128862	19.856
f1_02_elefant_w20.wav	a:	535	5.332	165.8053071904432	1041.339	1646.717	3057.145	100.16954782779385	96.0718452319883	90.38437422970436	95.58624792272367	86.720769762112	85.59015566872897	73.30807933267985	46.27657569151821	20.16
f1_03_bodentrommel_w20.wav	u:	536	3.104	303.38675068158	330.023	1074.952	2616.413	104.93519214442657	100.02692026584714	90.39181142086431	104.29273919388703	80.13827023268269	104.47341336505546	72.74146473679676	75.52781253826842	12.051
f1_03_bodentrommel_w20.wav	i:	537	5.389	201.9853301568295	287.646	2495.789	3605.941	114.05307887782661	104.66859621152568	85.78073694444777	106.93713019045327	84.33835901003332	92.52587998430785	70.61167557933756	68.07967996529166	16.235
f1_03_bodentrommel_w20.wav	a:	538	6.782	180.79110360965598	883.838	1386.921	2744.128	104.37820495746138	97.78369977140353	84.74322711607525	83.5516570671188	77.18333881356995	77.30492312517896	82.27234496428223	53.205989285879994	20.465
f1_04_kleinflugzeug_w20.wav	u:	539	2.419	174.0978465892013	252.388	1373.406	2582.953	100.62767107333582	90.92030211289622	78.99446516826363	92.82546796441022	68.91225381071993	90.29750731679641	61.777519781736785	65.15090512514233	13.908
f1_04_kleinflugzeug_w20.wav	i:	540	3.798	316.98612169166876	320.238	2835.884	3431.305	114.69995592295969	93.25382345162313	79.40595228598278	114.736338485023	86.0530487402135	79.4939879932161	54.26396120941898	72.3314146318827	14.087
f1_04_kleinflugzeug_w20.wav	a:	541	4.963	176.68241346446987	720.997	2222.457	2989.501	105.95248022017181	99.17661480489105	88.72520592369875	88.72454458917915	80.81386422980854	83.76762735847876	81.08153385764123	61.19317142058189	16.133
f1_05_aeffchen_w20.wav	u:	542	4.362	339.5564763835226	341.613	2652.117	3118.746	104.7775448148217	94.89044283306171	95.15478399122077	104.78734062312921	99.62498947894703	72.6998606707217	68.22229878084185	50.40467899618112	12.844
f1_05_aeffchen_w20.wav	i:	543	6.158	248.48782353928613	743.389	2743.283	3671.398	115.15417361807494	96.10831447455794	75.92200436299558	78.30188635122425	85.48252740345879	85.81498659373324	51.37219328169249	56.187543534557214	13.635
f1_05_aeffchen_w20.wav	a:	544	7.533	192.2841380863986	956.55	1459.718	3260.807	101.23482060861242	96.15670971565366	88.35886420518828	90.27724302332297	90.46908398011323	97.94909463072158	83.9128247046378	52.59525762099844	17.388
f1_06_armbanduhr_w20.wav	u:	545	3.722	--undefined--	305.443	2754.224	3189.811	--undefined--	--undefined--	--undefined--	0.6824852633992968	5.482550170342634	0.20989846680049062	0	0	3.952
f1_06_armbanduhr_w20.wav	i:	546	5.989	265.6408403483195	299.392	2667.345	3324.711	112.21696836462036	106.33285741574724	96.8256119716309	112.27805233054892	105.49315214652177	99.63021827092058	65.9536296503167	60.348749529302694	22.582
f1_06_armbanduhr_w20.wav	a:	547	7.099	161.36654233908448	1032.2	1638.349	2947.789	100.92559260181324	86.74355992943501	73.34707201974811	82.76291145987338	78.58590369036038	84.8423476584877	68.12075428472771	48.071932882964134	13.032
f1_07_schildkroete_w20.wav	u:	548	3.427	194.04659750738014	338.408	942.943	2683.466	104.46919571165839	95.96181544601555	84.13193539270753	94.3200998648647	86.84536934487855	106.20646023767526	56.53550660466987	47.02017899448813	16.208
f1_07_schildkroete_w20.wav	i:	549	6.852	190.83035500333227	302.508	2620.354	3526.724	110.9083611999585	102.15805519949396	73.6796558820403	96.561250116472	90.27604192183892	88.70819118702906	53.892565353592104	51.55508028832518	16.859
f1_07_schildkroete_w20.wav	a:	550	8.497	177.322210025352	937.074	1441.144	2889.368	107.51154092917304	100.47326299615554	93.4079769116338	95.55757717139284	77.18215361305055	76.70638367484327	74.49940556441308	52.43318391280087	21.358
f1_08_industriebackofen_w20.wav	u: 	551	2.103	232.49852603537133	885.663	2369.475	3525.919	115.56446827486258	98.27757029947054	68.11195075570647	64.96592794838963	66.7523104088694	60.74035963461215	64.40367601529658	54.66319818302637	14.368
f1_08_industriebackofen_w20.wav	i:	552	3.705	215.13006233121516	240.787	2279.799	3574.314	107.82772877968355	102.04452780980048	90.67450479993299	107.23189775596731	97.88965818377137	106.87573532220286	68.69066582590304	56.27988210691864	18.695
f1_08_industriebackofen_w20.wav	a:	553	4.557	185.63186969012125	879.042	1304.716	3002.166	103.58258896394409	100.52965396912379	90.60889995937293	89.23091581663164	68.91266449175907	91.3131280306697	71.6605593456612	51.25034526228703	15.516
f1_09_handtrommel_w20.wav	u:	554	2.976	189.00887574495584	305.832	771.406	2575.902	102.88184399273314	96.50471179904387	84.28682868045536	92.61678625479965	84.76229881579675	98.49477358075286	56.50119420694609	49.82457785073706	15.329
f1_09_handtrommel_w20.wav	i:	555	4.779	174.15513626829798	218.364	2728.784	3786.831	105.41808045741274	93.21684199171224	72.28962993879207	105.3225087462868	85.54529797767415	93.84221786132275	57.881924040184046	67.48872097918667	2.86
f1_09_handtrommel_w20.wav	a:	556	6.618	172.6780006240483	1015.245	1482.962	2802.63	103.68729068099033	85.53756828527305	66.12804752963892	81.19249436233915	74.7839147280851	86.55881438676693	83.41077163804943	54.89419885607643	14.127
f1_10_harpyie_w20.wav	u:	557	3.352	230.45180633185552	257.212	2620.779	4010.253	95.0973903461428	99.18437029958822	94.62762344547056	89.35398962585101	84.07118212142692	75.33945950234084	50.13093876346019	47.86014662337034	13.356
f1_10_harpyie_w20.wav	i:	558	4.543	360.95472032427864	368.026	2751.425	3273.063	120.29866522630627	101.45394623866522	85.20007218174007	120.34348386913572	100.7908397684847	97.32441420723163	68.78221470284943	61.73601421598679	18.949
f1_10_harpyie_w20.wav	a:	559	5.801	332.76826274106884	1003.439	1660.266	3243.289	109.90204742731632	98.24514606109716	92.95171554956748	90.29865221775309	86.0867401274516	97.13856608115101	101.52180411145495	64.43987052078408	21.054
f1_11_anakonda_w20.wav	u:	560	3.053	209.10063648259688	850.299	1626.761	3266.369	102.94732581372205	85.23372485575229	63.91090470415485	64.66413009065496	81.28951285495884	71.71954937974041	67.06091351798221	50.404510733593206	3.131
f1_11_anakonda_w20.wav	i:	561	4.871	220.4837106251638	339.852	1654.627	2775.037	75.53290502346994	54.48025111345886	51.71903022232538	68.08071707843776	66.27436495141724	71.5240333207641	52.305615631358044	49.78851139467169	-5.76
f1_11_anakonda_w20.wav	a:	562	6.828	--undefined--	728.048	1684.53	2604.194	--undefined--	--undefined--	--undefined--	-7.4302315710291325	1.454818928039046	8.781956444928309	0	0	7.458
f1_12_spatz_w20.wav	u:	563	1.783	360.2705944566695	417.133	1174.223	2634.548	105.62764563853727	104.20490260270537	104.48026215840406	103.94843615670669	105.3437489987158	104.97197682749673	80.16860773466956	61.76436410583331	16.642
f1_12_spatz_w20.wav	i:	564	2.986	324.98490769385285	390.311	1188.101	2841.612	112.6360274564253	88.15773325905823	84.73605357559194	112.88675391585943	82.44174823095872	103.80708906648101	65.08936879422575	66.82124421274965	12.057
f1_12_spatz_w20.wav	a:	565	3.644	197.44042211855978	985.045	1779.697	2813.542	104.08838195863646	94.55350806622413	92.6273479941802	98.46836824211941	89.65081155860264	79.5379865775479	85.55254733581444	49.95937187625757	17.161
f2_01_buerodrucker_m28.wav	u:	566	2.711	85.43412316956605	319.38	1149.072	2619.096	101.69729387274884	103.48344740966738	92.15347717504447	89.9450595690332	98.50375082775187	91.45200945513767	62.39034086631894	51.10752513883114	26.229
f2_01_buerodrucker_m28.wav	i:	567	4.393	88.38140225112795	269.268	2005.835	2654.372	101.33144792895894	103.17423150601665	95.84492319990267	95.50036570901811	107.6209319380892	104.30774397579682	87.02507557414751	52.303305590863985	27.844
f2_01_buerodrucker_m28.wav	a:	568	4.966	92.35013565209677	668.179	1248.808	2610.35	105.70520653443923	108.1680608942852	99.99521127146485	88.61476515930102	96.06279934613308	100.69043619670126	76.4192919263136	71.46794876235919	25.033
f2_02_blindschleiche_m38.wav	u:	569	2.286	139.6061550171363	681.491	1415.552	2686.238	75.68215530450705	64.59583164172734	54.25648637251018	57.00548976529747	41.2491796982838	61.11365347272307	52.96690639956666	50.51878280359689	8.55
f2_02_blindschleiche_m38.wav	i:	570	3.472	159.52934965294585	328.808	2515.338	3780.989	109.67313372295784	106.47878178551956	90.20377175149113	106.55137894494628	92.38940589011031	90.66985217165873	55.69584105922513	62.82956004768909	-0.834
f2_02_blindschleiche_m38.wav	a:	571	4.209	99.34975910200916	1005.016	1545.69	2634.708	100.55078768094813	79.53791172328287	89.56026530148557	92.9884546995313	100.01779049520943	92.55588420021127	81.85234495416408	79.83169664658719	4.803
f2_03_krokodil_m38.wav	u:	572	3.534	88.51573258499677	641.232	2582.203	3203.021	94.57958256543893	91.20207006198332	87.73754415821114	76.67200479353882	65.28099663071913	70.85120533924112	57.160262903464066	51.7216114070297	24.718
f2_03_krokodil_m38.wav	i:	573	4.621	92.05102193573862	368.905	2462.89	3090.428	98.69043626435445	95.15676724710836	94.85977370659558	94.86692697746099	104.37878977252288	96.52838681685421	59.83289246413619	54.58256894408571	26.35
f2_03_krokodil_m38.wav	a:	574	5.237	88.73854353963723	862.529	1320.698	2368.804	93.53053127304214	96.01905636300685	88.1135569494791	74.89072596299442	87.11103565312179	99.67158680222035	84.37456277204248	68.88797530627174	23.976
f2_04_kirchenglocke_m38.wav	u:	575	2.74	186.31243284061182	385.296	880.691	2691.953	109.38476407056999	83.47183379033974	70.31248051800588	80.37130951695701	66.00956564314492	105.45295870580082	72.54118537524256	59.76131232652519	18.08
f2_04_kirchenglocke_m38.wav	i:	576	4.765	191.6798578467139	363.766	2289.414	3258.351	110.46263423917816	97.77025290405194	84.50969229621737	97.2117019991784	101.56251685574578	96.63900660587501	73.47701845060195	69.48229222227228	23.251
f2_04_kirchenglocke_m38.wav	a:	577	5.801	178.24250004102947	622.938	1516.308	2729.935	111.00212654506521	112.48736786339427	113.59145091985978	114.98152608552036	109.86022727655349	113.9682244845657	91.46927902905547	74.65243744632484	27.459
f2_05_grosserbagger_m38.wav	u:	578	3.763	118.6848936729147	347.108	882.528	2718.342	107.24920403365121	110.43911450101584	100.55548153059185	107.30185744106393	89.21941666528996	101.85473160906392	67.17228705917606	62.70411756598808	25.734
f2_05_grosserbagger_m38.wav	i:	579	5.812	95.22070071311941	277.417	2201.09	2656.039	98.48501741174337	96.2349328818321	97.0493880650559	87.64819252659223	110.91471793655114	95.92360916189702	83.59964899604192	57.1340933080907	8.913
f2_05_grosserbagger_m38.wav	a:	580	6.27	86.28821485029748	713.247	1268.986	2422.787	92.88498418551193	93.66852652249084	90.40063888985789	70.71967227931565	60.914644492373995	67.54541486545543	82.27075929366407	53.9360131152123	24.823
f2_06_gloeckchen_m38.wav	u:	581	2.889	403.7360850768634	398.016	2278.689	3339.938	78.94943685030077	76.0393233317172	79.12755753318912	77.79244479791241	69.27789741050826	86.2300255805298	69.58121994949597	66.33347174297111	13.709
f2_06_gloeckchen_m38.wav	i:	582	4.455	391.6626686332262	392.065	1140.31	2561.75	107.77418552212458	88.4832808749199	88.78553882763946	107.77697447637968	88.05041983463528	95.96571178798791	73.61927561360348	73.35292621918529	10.14
f2_06_gloeckchen_m38.wav	a:	583	5.185	365.28775168289906	697.252	1491.754	2662.354	108.73417213416597	87.75349561657664	116.00814872407054	63.02882670557544	116.54600414036958	97.87537070051913	100.77719276391164	73.8976461181719	17.742
f2_07_kleinerbagger_m38.wav	u:	584	2.309	96.8627200705896	362.662	2385.37	3107.844	101.47969650991796	103.66684960681252	94.17864543947434	91.30576569484509	69.63733365698744	86.99479910982265	61.47475095420625	48.13497967583898	21.854
f2_07_kleinerbagger_m38.wav	i:	585	4.404	152.34361066979136	244.597	2207.763	3216.645	105.11827455624805	96.33552644665703	89.37430264584988	92.79079326203251	97.21648342903671	105.68130059857525	78.30993292179686	69.50575371978996	-2.976
f2_07_kleinerbagger_m38.wav	a:	586	5.004	95.17846075688496	684.724	1273.297	2474.531	103.90853657493491	106.13204331430711	95.23451339495904	90.28100056245356	90.74392867591806	100.01999593516867	78.33212388562076	66.22473233067181	28.253
f2_09_baer_m38.wav	u:	587	1.453	137.29236682605153	1393.22	2266.392	3176.9	112.0499049060128	101.98384605353611	71.59397007311783	54.23374150520263	48.412169504525295	46.69136254118972	54.06860448643001	51.36577127318048	7.44
f2_09_baer_m38.wav	i:	588	3.214	106.13733832590232	1199.867	2250.9	3937.283	110.25346350165243	109.01159682644841	85.31310871113274	46.71296753925962	63.9930454884247	64.66924887089228	60.46175151758513	55.276883092661805	19.499
f2_09_baer_m38.wav	a:	589	4.248	89.57634764224477	1040.696	2487.434	3645.621	111.18152478827093	103.32000379287595	88.26570732583409	89.92776631141258	71.4573540227934	77.80538734094188	58.72393589066762	45.46635247218626	20.923
f2_10_kleinwagen_m38.wav	u:	590	2.509	326.37458274622094	380.113	1118.074	2435.421	104.74264055204694	101.05104607663858	84.17524764871177	100.57740411149967	55.51366022468812	94.2643593643142	79.1118160774914	66.46859706440605	14.833
f2_10_kleinwagen_m38.wav	i:	591	3.223	308.0542033222695	327.407	1065.06	2732.316	95.43446398953554	103.6962897116614	92.67230244544629	91.97210003410675	85.2724852770564	106.61139556719621	62.20629285309718	70.23232035116618	9.798
f2_10_kleinwagen_m38.wav	a:	592	4.177	238.135746860721	844.678	1605.568	2687.209	110.07455804664104	102.27849011575371	93.05808225892525	88.05431127454818	103.26712080111511	98.81419599137212	92.61380498283302	62.57114288294024	24.421
f2_11_storch_m38.wav	u:	593	1.574	133.2061999013852	212.721	2340.857	3417.778	106.49989395080905	108.10177957633233	91.34613948333552	105.75610554537087	77.972641389752	90.74147740921559	63.43859112580313	57.520478621834656	-1.67
f2_11_storch_m38.wav	i:	594	2.619	148.22532151143724	294.673	2225.018	3149.366	110.67910486842374	105.52722849557205	79.7434393367703	105.51780566602265	81.08046055596157	90.06605056185936	69.27473937050637	69.63761136046207	4.181
f2_11_storch_m38.wav	a:	595	3.23	97.62151235059578	1102.434	2495.087	3567.196	109.41151672032191	91.19733143612885	84.49557845339854	76.7093601784866	63.145642297379084	61.92786656133456	66.18615172152529	49.3147917610742	3.669
f2_12_igel_m38.wav	u:	596	2.374	121.72540260662959	306.061	2534.335	3366.968	102.80441134041266	100.56266450709637	89.82295028647887	99.2946799375217	87.41391814324155	79.12065230379866	54.15985168562325	48.85664357358902	12.795
f2_12_igel_m38.wav	i:	597	3.362	58.959492337067964	351.621	2677.72	3393.647	84.95890864833828	97.23619582019585	95.3631134524787	95.76877127489874	83.97356019435477	70.19031808647713	52.82882259679202	56.21680001303509	8.511
f2_12_igel_m38.wav	a:	598	4.171	113.43411543963829	992.935	1555.735	2840.99	106.91360675213897	89.6140020880141	80.14039767187052	77.31756602606066	92.7854320618837	74.40227820135428	75.39429097657779	68.92698216456107	16.917
f3_01_violine_w24.wav	u:	599	2.791	349.8112030142744	351.278	2568.485	3510.869	103.55258139376292	91.2711242694423	76.80709063724493	103.56804549221359	53.8780903843598	62.70508838419353	48.23753576305058	47.452866406373495	7.019
f3_01_violine_w24.wav	i:	600	4.992	388.83536365096484	397.062	1299.902	2838.536	87.94262844120897	69.50857423127773	64.43277526340995	87.7489903191073	67.0326016150307	75.87697965872118	53.873085772053415	49.22704995144954	11.912
f3_01_violine_w24.wav	a:	601	5.658	234.34994584439005	592.917	1684.816	2900.647	111.6774314819204	104.16523296621493	96.9887570044354	104.26463701048522	96.12024306994775	103.50191649333722	93.34821540702372	72.93995272802536	4.728
f3_02_backofen_w24.wav	u:	602	2.915	362.23281293195225	410.433	1715.799	3152.817	106.69882402113451	104.26442018191734	107.44921806280442	104.42290463523882	92.85399586927369	89.84716269638524	71.37266925941383	52.98602073815189	12.91
f3_02_backofen_w24.wav	i:	603	3.757	308.94025131027905	315.977	2969.356	3662.409	107.61676713413222	92.43954472759705	81.21384239231554	107.69430342289435	99.98376739676398	95.68391390856137	54.06109151973831	50.48917618565481	15.967
f3_02_backofen_w24.wav	a:	604	4.584	363.76355720142243	579.355	1405	2787.873	114.60959310556872	112.7271635641456	82.78574692958851	106.20051557858359	81.31972427537045	85.42145240677246	98.99566731294394	67.55205843091025	10.805
f3_03_jumbojet_w24.wav	u:	605	2.046	283.31250505612616	347.674	2350.25	3327.405	110.04280375155182	109.74695903271586	113.87164584012655	104.1075508929428	96.50398462485406	98.38576551960062	85.91937548519664	66.89091683748063	12.133
f3_03_jumbojet_w24.wav	i:	606	3.665	286.1670269813252	274.663	2379.225	2692.863	105.69637718805721	94.96102425904688	75.91536155966509	105.29262334529507	100.00451896260233	90.5672865250864	64.5287398575721	63.15584762531137	1.819
f3_03_jumbojet_w24.wav	a:	607	4.464	258.96455549511063	809.37	1302.73	2588.509	105.6341366252645	104.17372612587961	102.89815468858943	103.46602760674193	97.94191728272213	98.6658464810971	91.88351911620046	66.95498979082258	26.358
f3_04_kaninchen_w24.wav	u:	608	1.093	474.0794456080785	532.891	2018.702	2826.268	104.55651512735193	113.68198456636942	103.54181241091177	91.66453655777266	104.32439551787542	91.74978209910302	92.46519416905791	56.72151667401701	12.677
f3_04_kaninchen_w24.wav	i:	609	2.241	377.9615394634575	382.716	846.967	3002.128	108.46782320160077	101.68424684996064	82.91921322456906	108.48062184825456	104.12381247270928	121.18144720021878	57.20199917713276	66.91021077787954	13.229
f3_04_kaninchen_w24.wav	a:	610	2.7	318.91108144132545	899.57	1354.259	2798.696	107.0946959143634	99.64286719547042	101.85783946118667	97.14104834181289	103.10613908702487	109.06794949827963	88.57030869323123	88.26715166112461	14.866
f3_05_kondor_w24.wav	u:	611	1.691	465.7564255405695	531.789	1932.633	2892.654	112.35310198084443	105.55561076843601	88.33163196445126	112.23906037544555	86.35145617545365	99.31285931063998	89.32641925611807	85.36987840554694	5.853
f3_05_kondor_w24.wav	i:	612	2.814	298.39089511657073	394.279	2795.292	3200.302	107.61899415262441	96.32426207421017	79.22116912847088	101.27785006506285	101.68899249591134	89.9629994760724	68.40567332110963	75.09890634070933	5.306
f3_05_kondor_w24.wav	a:	613	3.345	251.88524217738168	916.2	1868.209	2616.312	101.2954888277478	96.68846529471372	94.94647667926156	96.43929678304052	85.44660103101077	97.64109421604633	95.49802658119444	70.4669260050615	16.108
f3_06_gecko_w24.wav	u:	614	1.74	509.90979891492475	545.892	1356.738	3118.07	110.17709846306421	110.93753347721425	104.07886147364432	109.8525183162153	104.70351153978703	109.24171772175818	95.5436791041346	79.70426774892945	9.642
f3_06_gecko_w24.wav	i:	615	2.604	327.37424341169424	378.931	2892.233	3391.014	103.96226972310026	92.50053719091714	73.28563865186884	100.41938230124144	95.2286990628645	100.59770876084865	69.45447019652018	73.41017991792522	1.211
f3_06_gecko_w24.wav	a:	616	3.05	273.9028973182446	753.032	2236.499	3085.458	105.18924944017826	99.54192958281278	101.39663774568487	94.26424015330802	87.24732126614262	84.85455654537961	95.04077351024563	72.823823119086	20.781
f3_07_kontrabass_w24.wav	u:	617	1.893	257.9496821729063	374.872	845.691	2936.518	108.84700612266876	107.7653409662603	102.68598756576503	91.80706962587608	85.72106240314214	108.63483226242948	65.35095729192062	46.86925240118609	18.78
f3_07_kontrabass_w24.wav	i:	618	3.248	267.9650390568987	317.73	2638.692	2901.921	105.7809634427485	104.21205712703522	78.72587357823595	102.20198450246247	106.62829300173641	91.97654418243351	71.56997534428548	51.183613430419456	18.36
f3_07_kontrabass_w24.wav	a:	619	3.979	281.66770102561486	431.323	1889.565	3424.525	109.30122513125272	105.64864307191519	111.09731547215357	82.30988306176562	85.3083139802117	91.62003062997282	81.76313337620803	50.14587123354722	17.492
f3_08_dompfaff_w24.wav	u:	620	0.994	522.711063073895	526.363	1550.797	3616.309	80.57962726659962	83.22191386399848	68.4373608190586	80.13844084496196	81.58885055618931	82.44862467712471	73.6981278935625	52.75368172547498	6.464
f3_08_dompfaff_w24.wav	i:	621	1.819	446.7946593965621	449.113	2432.409	3125.394	112.8977148293987	93.62838942850536	78.77052635036199	112.91535487652584	91.4115340956881	93.88764097826602	75.45598898869683	67.84396265327955	17.231
f3_08_dompfaff_w24.wav	a:	622	2.29	263.83880449234863	1052.538	2138.76	2527.56	102.92990408621382	96.28930049170842	60.93480385574266	62.192980982326375	69.88933246127394	82.01818027845019	76.98104447812223	65.12169395214325	13.919
f3_09_kleinerbagger_w24.wav	u:	623	1.245	356.54301909447156	467.848	1030.467	3270.333	112.92275842573297	109.35087354703674	99.97060849471825	105.95761253394272	101.0654574848231	101.06486585345527	72.94249000944164	61.20372739983772	18.158
f3_09_kleinerbagger_w24.wav	i:	624	2.693	329.6277370667133	346.618	2936.356	3461.201	106.94844276868805	100.89586211936732	94.18151427792527	106.96223655460116	103.0467702658114	103.09990062755351	70.68175565222995	64.2577447516565	22.493
f3_09_kleinerbagger_w24.wav	a:	625	3.16	299.439201936312	1144.639	1774.532	2916.55	104.05888881192759	97.54128896248557	88.09629968627465	86.81394841141507	84.97882691412332	84.66317024208682	100.4787988959506	76.38090306640794	11.072
f3_10_wanduhr_w24.wav	u:	626	2.654	208.64867443669465	392.374	2538.923	3813.726	108.55629986041139	99.32473576022316	83.1223270586882	96.89553138119979	89.01685864392906	83.73140025114645	85.3122204069851	48.98295329702222	15.449
f3_10_wanduhr_w24.wav	i:	627	6.299	258.0314511210754	350.665	2760.687	3402.928	106.58249187173365	88.24460833406596	76.06554035307812	105.05624266260165	101.51502285125463	97.76439013892997	68.53048158289192	74.09849562532185	4.033
f3_10_wanduhr_w24.wav	a:	628	8.216	202.69890718464623	1047.259	1673.149	2873.182	106.28982777582422	103.00794443795535	96.19594892626856	98.19229442131686	94.8816465463575	82.51717942084397	85.96785681618226	47.78740798194573	17.003
f3_11_komodowaran_w24.wav	u:	629	1.21	312.201128830219	318.057	951.029	2652.674	108.07283310701332	98.03726909511774	93.19791301466942	108.0675947068348	88.8422572077576	86.5129964891942	57.21637056512631	46.39700212997403	8.207
f3_11_komodowaran_w24.wav	i:	630	2.144	180.2085476889893	378.716	2939.088	3127.773	103.8688167207178	92.32077842638603	82.41881941367431	92.21828393149755	79.77021192004935	72.071379057694	57.01034332841984	50.93529914798535	18.815
f3_11_komodowaran_w24.wav	a:	631	2.55	228.1450758379582	876.646	1382.01	2292.181	101.2175056875151	98.11051490979418	101.1533063377706	101.37702678781976	98.6214067182988	93.77862366701355	89.06338766830675	65.88606495258936	21.235
f3_12_kuh_w24.wav	u:	632	3.338	349.0489509331562	332.708	1977.72	3153.558	112.9911546174201	99.82672332755067	82.62413585681982	112.72472448439513	70.35069861536623	86.7266349979466	66.94151468152256	45.74631098035659	7.635
f3_12_kuh_w24.wav	i:	633	6.112	251.55065230968324	370.042	2959.072	3790.309	110.70677410167914	101.8144083951877	76.50946331463655	88.77784280817679	97.02578763835476	77.80539135652293	59.05997076842169	63.04009778631911	16.071
f3_12_kuh_w24.wav	a:	634	8.038	256.289175083693	511.722	2124.857	3479.422	114.8265442103012	112.6590124746312	93.1247750145919	112.65402986334601	79.86675404066014	99.26178986663489	78.25877955859934	47.06710665832999	12.698
g1_01_blindschleiche_w27.wav	u:	635	1.379	310.0961500042178	354.604	911.65	2629.992	102.44658992406379	98.55601434758137	88.0335230160021	101.85791158989029	95.42787871247288	98.25236803364334	58.59236727165391	51.36065385992399	12.019
g1_01_blindschleiche_w27.wav	i:	636	1.974	233.3315121646428	276.213	2795.014	3630.679	103.97579697213337	102.61020010104701	86.0385623488354	101.9263522267814	109.8474978653288	108.2266470857438	63.42028433530334	57.9831233980745	20.704
g1_01_blindschleiche_w27.wav	a:	637	2.379	208.2113800627425	1003.172	1628.309	2771.108	99.66157010990372	93.44020401047044	80.63756787943474	72.43668140261607	60.999141366700115	64.38336438180968	85.69096167205169	51.77365961907257	23.162
g1_02_kaninchen_w27.wav	u:	638	2.345	303.5039782823977	349.858	1121.679	2867.238	109.6203961934436	97.05993190000659	89.75218884834553	109.80799966915357	87.30863742943664	100.13490573604278	91.4489971387281	66.69202666825427	19.655
g1_02_kaninchen_w27.wav	i:	639	2.854	248.0404937957778	315.523	2802.42	3208.201	111.00840828936836	105.5145223605098	89.78254524204344	109.5149180067478	99.35977798997592	92.03639124268429	68.88535147986471	58.478564560847126	17.05
g1_02_kaninchen_w27.wav	a:	640	3.067	250.93895462706894	939.592	1615.643	2859.363	106.40311423641327	101.0535351755639	78.89043087827265	88.74082874166845	72.64794842361938	84.93494219155336	87.20396692383022	62.71962643678619	18.423
g1_03_harpyie_w27.wav	u:	641	1.57	230.17816957204593	386.563	1013.623	3047.796	107.55543764330346	106.84328883498492	84.30557401621441	104.61715538928897	83.23050938103097	100.12715886292588	81.1279788143134	54.29699151926811	0.876
g1_03_harpyie_w27.wav	i:	642	2.22	228.61540381878893	327.798	2745.476	3547.43	103.01721339479133	99.4774801417796	89.09137965227694	95.8697042403031	110.15429720428192	103.24745714550579	70.56030048361339	60.160496362535454	-1.351
g1_03_harpyie_w27.wav	a:	643	2.574	227.6291748596709	1057.368	1576.099	2774.109	101.72233749636305	98.66001353834307	92.32814079110499	90.85318904388672	84.88085461048028	82.06981255415627	92.18108366688608	59.70238804137324	21.598
g1_04_blaumeise_w27.wav	u:	644	1.111	310.5832563069595	395.523	2432.611	3285.704	106.79282946900952	102.49446660862132	101.243934389651	103.93071069985602	86.09180533554886	97.71011244695711	74.33013915697124	58.36484289339269	7.436
g1_04_blaumeise_w27.wav	i:	645	1.766	325.4878086089385	304.408	1356.919	2891.949	115.96173164757022	108.06808796916869	100.14072574398654	115.64676963808182	100.97252868938799	119.77753843861936	81.1071965401782	57.92284033473307	16.649
g1_04_blaumeise_w27.wav	a:	646	1.974	314.18741575527247	1158.346	2020.857	2802.548	112.38307884163783	107.08337517832166	82.69599444376607	90.34853780223938	81.279781291483	73.6331141905313	91.88193757646854	74.60301907583924	17.037
g1_05_gloeckchen_w27.wav	u:	647	1.447	302.0088332735772	331.176	2134.452	3493.843	110.10647811547018	107.24676473613903	97.51200406702505	110.16941706961929	70.38665301748725	78.53006498822242	64.54115105707001	51.05289120676265	14.997
g1_05_gloeckchen_w27.wav	i:	648	2.12	242.48685456805617	271.426	1712.059	2696.773	108.4612349308889	101.49031555935233	96.49411491084962	108.48737889488733	95.4464789594942	108.24233155491443	72.987092425107	80.52472955439734	14.407
g1_05_gloeckchen_w27.wav	a:	649	2.629	263.45117095006725	1026.548	2053.996	2977.86	108.68274715403248	99.61569373490443	91.08014092190587	90.59050945928354	75.8483212160173	86.10223142841465	91.05660653843546	69.25326034936687	18.272
g1_06_anakonda_w27.wav	u:	650	1.425	322.9812662742194	844.437	2471.713	3479.409	107.99186707179486	80.25002850491049	82.97653935945152	60.669300905042675	60.57373086819273	93.15058128884101	85.00840624829165	75.78712123778183	14.913
g1_06_anakonda_w27.wav	i:	651	2.078	245.41469833876107	253.384	2690.264	3963.438	113.6909759376255	94.8203507166879	79.33563614273771	113.7856497333388	96.50176505921333	104.66170704948428	60.94032323609465	75.93802397145895	9.186
g1_06_anakonda_w27.wav	a:	652	2.407	223.71341857011367	1065.938	1679.348	2796.016	105.782455285926	100.97088598352774	87.50933612079209	82.22672505526636	82.73038623910494	77.10937566559824	91.93707658800605	58.66710491109485	16.022
g1_07_grosserbagger_w27.wav	u:	653	1.408	221.7356309443915	820.127	2452.207	3517.222	117.28800080171911	108.08062069013084	74.779933697968	65.9660544223521	73.27310918992548	81.0828700074533	75.4964514869726	51.220524023264616	16.908
g1_07_grosserbagger_w27.wav	i:	654	2.118	203.2955030804453	257.204	2302.369	3658.372	107.27546540930112	96.4210500938662	85.26489505967082	106.28421807068756	98.77612125272704	118.97459036928657	75.77739559338335	77.26925757921424	12.512
g1_07_grosserbagger_w27.wav	a:	655	2.572	178.58072158328014	898.536	1192.583	2477.102	99.67565868785215	88.52461205691984	80.19817478123151	63.51338662565937	73.10204283642096	82.20973217143917	71.43038945648355	46.90392561988421	17.089
g1_08_armbanduhr_w27.wav	u:	656	1.441	333.5613639294687	384.263	2614.82	3260.398	106.01904462886142	108.45082966674605	87.22118539997336	104.72890007147697	85.39484126457256	80.66008492896346	71.04709995777952	55.982155678984704	14.609
g1_08_armbanduhr_w27.wav	i:	657	2.077	316.3875385804897	309.083	1686.164	2911.287	115.92551479243635	98.91239609910431	86.96384397472899	115.85383355527982	75.2983853585445	109.78554462186169	75.34558406705405	63.07488672396636	17.626
g1_08_armbanduhr_w27.wav	a:	658	2.366	274.35355328629134	1080.171	1874.303	2820.575	106.71944489881432	99.4969497220398	101.40750830275651	101.44439466095827	85.08618288792337	75.19753091798019	98.53595915787275	63.684081992552414	23.551
g1_09_elefant_w27.wav	u:	659	2.052	213.1467186259056	808.37	2353.712	3377.864	116.48329997125472	108.46344212056064	71.43493459614855	70.87482289024405	74.69332087418957	79.94039758945132	83.66239294975217	51.69568496125024	15.877
g1_09_elefant_w27.wav	i:	660	2.771	235.01139177049683	387.631	2157.535	2994.967	120.90727583490319	112.13098928947937	92.72889819875668	111.14901238910937	91.22213365742307	74.44397894413243	82.05560185573397	60.77833014798588	16.922
g1_09_elefant_w27.wav	a:	661	3.062	177.88500287028955	959.715	1389.224	2812.515	99.06274043932666	98.1872069858895	83.67800427792443	72.12115207386948	66.21945605693719	79.82619762511065	65.9438092862162	56.86818134749985	11.281
g1_10_kleinerbagger_w27.wav	u:	662	1.795	262.21209937647615	324.647	2428.478	2945.649	110.33109337786891	109.22618684135162	99.62082352577383	108.99210485182206	69.78574425007308	83.42323996766785	72.01186984075582	52.0441091038363	15.384
g1_10_kleinerbagger_w27.wav	i:	663	2.573	258.1816608379809	265.77	1569.83	2814.363	107.43880950099248	99.93129322863992	91.47683033159055	107.47673347468321	91.86184983020962	122.90622493142716	66.75394610174158	70.9758099895153	13.951
g1_10_kleinerbagger_w27.wav	a:	664	3.101	265.6824801126378	1032	1823.021	2688.627	106.9714233920644	102.53723012624172	72.65169656999146	94.52819999535772	84.71343887063095	81.55959705391916	92.54712200866366	53.55671650791383	22.113
g1_11_buerodrucker_w27.wav	u:	665	1.307	272.02066979507407	338.088	834.175	2438.336	107.8444726513098	104.72733576735556	102.27606092344405	100.8529023680967	95.47018584168325	123.81860480340853	79.30993397591362	69.072331508663	19.573
g1_11_buerodrucker_w27.wav	i:	666	1.921	190.66276100210996	386.399	2587.629	3541.048	108.26916487814519	100.57546471852439	67.22207763927621	100.61193576301666	90.49193519446061	92.17297943629474	63.24809919930306	74.2874627204459	0.352
g1_11_buerodrucker_w27.wav	a:	667	2.306	196.30430970370912	950.673	1482.97	2775.989	104.20269724237887	98.56704798310304	86.82303161181129	77.5064938163911	67.62589488335146	74.97435031865817	74.64313162824836	62.146001612423596	13.643
g1_12_kontrabass_w27.wav	u:	668	1.081	251.71760681790298	335.117	899.77	2797.129	108.07032061326473	108.38175073017925	89.48130464366751	97.45185417757486	68.39745074207622	107.68710204566506	71.09256906927533	60.20111928469578	14.328
g1_12_kontrabass_w27.wav	i:	669	1.839	248.81536287986555	307.85	2609.928	3695.611	115.78616375789844	105.72715046866574	89.69773787818846	115.78294493309838	100.78042471715904	103.33167341233168	62.11725290086895	75.49732795353522	12.174
g1_12_kontrabass_w27.wav	a:	670	2.181	215.24040068925578	720.925	1569.525	2792.672	106.56077626059067	102.41654841756073	98.58156737174733	92.84939362436853	93.4721631647627	98.96493683190656	83.75263624419426	55.24011203355134	25.023
g2_01_kondor_w25.wav	u:	671	1.657	264.870846555501	392.727	2481.961	3565.02	109.94455065417785	107.17523513848579	107.71499773759513	82.15322249729286	82.25333443693194	86.98219641115571	67.92850814982778	64.85357804760679	17.835
g2_01_kondor_w25.wav	i:	672	2.34	205.12960186043676	266.276	2363.302	3493.905	117.86022354220789	114.31093705184705	84.0962071254843	117.33910022600442	85.15978920127463	95.60999969478169	71.00482159633205	64.62863413459212	16.102
g2_01_kondor_w25.wav	a:	673	2.69	166.19855613722925	797.426	1433.64	2859.323	103.883902058245	93.99379952152928	79.91519348148316	70.0134539121123	85.57975436703677	64.69160810551776	67.32265553479111	64.42675951125709	20.424
g2_02_industriebackofen_w25.wav	u:	674	1.926	264.1750423818286	388.403	2443.781	3490.732	109.04653858923271	106.49684744358383	111.8750400387522	89.9100269802255	80.74051195017245	100.61557383925923	68.80652056001998	59.70769545930154	16.157
g2_02_industriebackofen_w25.wav	i:	675	2.572	210.79183407030035	397.332	3056.123	3762.181	109.75716440840718	98.13549963636133	60.60769119588976	97.94860846282795	89.67738118291636	86.92889948580145	64.68219331569537	72.53645665455429	3.843
g2_02_industriebackofen_w25.wav	a:	676	2.863	188.26523087624847	886.7	1398.014	2912.072	106.62396173742263	99.71657110820234	79.01470807766908	76.50680458356275	77.35960752719507	89.61807975881213	77.67734127731505	70.5776008609173	15.304
g2_03_kirchenglocke_w25.wav	u:	677	1.748	381.71107426371486	461.632	973.877	3050.283	106.36159485404959	109.90456855434368	98.12629271405996	97.06072463764545	92.93596675205987	103.84270093786822	66.39114556923059	84.85910668818934	12.73
g2_03_kirchenglocke_w25.wav	i:	678	2.332	249.16181855178715	344.686	2750.201	3474.136	120.72081227928521	115.57106499357812	97.10614067698725	113.8712808505721	88.11998854370552	82.41829563051503	76.27224606265291	72.95407300593928	20.789
g2_03_kirchenglocke_w25.wav	a:	679	2.662	205.48231141170353	799.974	1697.247	2910.725	114.55681800273219	106.7016878841315	80.06943379769993	79.22317960553875	102.6010242593461	82.801471993309	89.77850979966591	75.22883295060042	20.739
g2_04_violine_w25.wav	u:	680	1.828	278.4594554289903	492.786	856.468	2935.554	106.73500945709706	87.42456281998224	101.07281676321688	85.10139142304791	81.757493230783	93.3718135222201	64.14825056204651	60.93769575309522	5.05
g2_04_violine_w25.wav	i:	681	2.737	201.57534996722117	217.962	1263.788	2959.198	110.93300973880196	97.24922968505462	74.00460910938067	111.14619336621438	89.7677885145667	105.83275253771559	56.31247390872793	64.86787418427073	1.987
g2_04_violine_w25.wav	a:	682	3.143	178.2191692615556	929.622	1496.753	2864.551	107.03079357145764	101.44424219984109	91.10827679276215	79.17438077666	79.6592442888734	91.42763473682223	83.26920018257505	64.45303786511904	18.929
g2_05_suv_w25.wav	u:	683	1.78	167.7074313622112	817.058	2337.097	3563.478	111.50691078389136	92.39941301838522	65.68810052747739	61.021819128963806	69.68829744482174	70.53948460743695	68.87970613488729	60.432908107920184	12.11
g2_05_suv_w25.wav	i:	684	2.505	172.31553749460429	320.151	1067.798	2915.566	116.52218866449162	110.51091020696057	80.39020809765263	110.28097363435546	91.10272789804301	93.78870540942852	62.96470258388587	64.75903995820019	16.126
g2_05_suv_w25.wav	a:	685	2.788	159.15426404356415	895.517	1323.072	2714.501	108.4247112165325	100.04455115670899	88.38697803628837	81.2529930957945	90.2762702628878	92.36273291636594	75.85868737573323	56.63239084030275	19.824
g2_06_komodowaran_w25.wav	u:	686	1.334	247.74613764042635	421.692	995.009	2520.955	110.92160577047295	104.03653338571219	102.89654621631985	99.69823582775832	102.99790239046948	101.6868811559002	70.24740252552016	75.44720373672048	13.903
g2_06_komodowaran_w25.wav	i:	687	1.874	198.66098926572673	314.14	2581.419	3137.109	112.23089125097809	106.56012034705891	80.9171292840378	102.2905928176777	94.57590949014278	88.4930608836151	68.54184662314294	69.53513987069583	3.03
g2_06_komodowaran_w25.wav	a:	688	2.211	164.85952016290705	856.112	1425.25	2910.843	106.50531544384224	101.03013186578616	91.33076186236586	84.37908723922644	93.71808599426683	87.11185097142109	78.49270496519969	65.53789668468842	24.368
g2_07_schildkroete_w25.wav	u:	689	1.598	267.01606932099793	475.508	1113.951	3257.455	106.17036322667953	97.97807418027946	76.23182145634324	94.01392468789163	73.25226391848268	97.17321107297377	74.84880975958828	63.97247751644859	9.904
g2_07_schildkroete_w25.wav	i:	690	2.242	264.4343562857471	306.308	2884.148	3422.731	112.42518632915798	104.22012320190304	85.42785021162095	112.60680499364085	115.97135827097092	104.15074446972757	66.86976047079557	73.8286665237517	18.276
g2_07_schildkroete_w25.wav	a:	691	2.485	248.86014664638807	1030.45	1831.233	3128.219	111.01774227870561	106.47241746509245	73.69792680263791	75.76396952190404	71.59704542615995	86.05958101501776	85.37662037185768	77.50122191597173	15.177
g2_08_kleinflugzeug_w25.wav	u:	692	2.137	414.030447929466	466.235	1063.781	3342.462	95.97511737799464	79.8061035638744	104.52261433873682	94.44286567790407	65.72982489238709	87.5633350269246	80.37839130675977	72.70876383910269	15.8
g2_08_kleinflugzeug_w25.wav	i:	693	2.657	280.31956256128063	300.036	1082.551	2896.719	114.88901416508162	104.70571404148487	95.77264015696579	114.99355685920307	94.90762113610171	125.91112191908152	69.05962032046651	72.99892146484368	12.436
g2_08_kleinflugzeug_w25.wav	a:	694	2.956	265.21416559318453	963.834	1736.716	3102.207	111.27735591525861	102.77074631154287	93.41398233463991	88.71693580659132	88.54166649587823	99.15687014806082	98.12010940496462	72.28557751432349	19.879
g2_09_baer_w25.wav	u:	695	1.768	168.88423900821607	318.942	1068.924	2426.253	110.49796114779798	93.52529321090172	61.00284644464841	93.19312250709527	92.43015331061578	107.40885249463432	58.167752961460494	61.650527014911056	-0.293
g2_09_baer_w25.wav	i:	696	2.653	181.78121511772395	281.913	2652.963	3260.597	117.42925853111765	111.71509488688125	84.28688665489678	107.63925951127318	98.32074401974289	85.90002412564411	68.27118221999373	71.25181021828394	19.31
g2_09_baer_w25.wav	a:	697	2.985	166.96902289564278	689.397	1163.003	2866.211	109.19617165096771	101.14417689100378	80.96554815049515	79.57037486399147	99.41261487755871	93.56402049268723	70.24173496993838	68.40752123271793	21.775
g2_10_aeffchen_w25.wav	u:	698	1.043	294.35428659839647	364.342	1166.583	2763.494	109.21343795073341	103.90133739810562	94.65147217261996	108.45118391486936	94.39401646049785	104.79325001074565	68.55258989724105	71.26255535895186	12.287
g2_10_aeffchen_w25.wav	i:	699	1.626	232.1327107783601	303.156	2865.947	3391.111	113.1296883606183	101.66948356975449	82.37295682031757	112.73687927112682	99.03370337282794	96.44496134443511	65.34565800533417	79.1774849550127	15.462
g2_10_aeffchen_w25.wav	a:	700	2.024	190.19211710136338	933.199	1603.732	3029.422	106.47108102699664	97.34556424835654	79.14762668089226	72.21785986253498	90.8189911571368	72.11992738165029	77.81013111718156	67.61282790838762	16.438
g2_11_dompfaff_w25.wav	u:	701	1.069	263.505355635883	386.951	1173.321	2897.425	109.15323382876505	103.99007285250934	105.43209149858184	88.55602698418866	107.26557415142865	95.99172607911107	64.26103037487177	59.79860442766223	14.742
g2_11_dompfaff_w25.wav	i:	702	1.667	220.2432005405224	363.881	2731.613	3219.804	111.0971243641419	100.6701201094466	79.35315812844146	99.31941652998584	92.26963189395143	87.9456483797974	63.08032579851866	77.27282324821022	0.203
g2_11_dompfaff_w25.wav	a:	703	1.934	201.91683899675593	859.324	1693.393	3039.535	110.98499636249461	104.7603446826834	82.76479580511551	79.678087109156	94.36007865906095	86.06178062684121	88.31364699211035	79.47006928020004	18.494
g2_12_drucker_w25.wav	u:	704	1.451	236.3830054945244	429.274	1185.058	2699.043	106.52446263413307	96.98970021744285	84.15155401469849	96.17564823903464	75.8623151020315	94.0374467616868	73.77799791095046	57.055775814484555	-2.003
g2_12_drucker_w25.wav	i:	705	2.045	245.28149404481928	408.951	2669.223	3049.684	109.77248372699421	97.0551535202897	74.1297298344279	98.6772483508596	76.86254490650701	78.84650027536296	67.33002571772946	73.66797156065812	3.583
g2_12_drucker_w25.wav	a:	706	2.375	212.51877101255377	970.292	1704.266	3039.199	108.69151101968527	102.96045628079938	95.12525237470925	93.57746304453194	90.20701617999198	95.31193079248082	93.72830291545054	67.07645326637835	23.19
g3_01_igel_w26.wav	u:	707	1.423	292.15595311212616	1007.384	2774.05	3963.396	84.70365810213991	80.1591180139815	56.38299124306559	70.31402019025185	47.35030810951218	64.55049403697767	51.69350327528872	48.77149672928107	7.031
g3_01_igel_w26.wav	a:	708	2.586	237.7186737787527	1096.187	1960.775	2878.921	108.56243266377508	98.5968244305039	85.27027815453286	73.59970172538746	69.25188886998777	68.20474404803821	86.4622120632556	64.69637689099645	17.487
g3_02_kuh_w26.wav	u:	709	1.439	232.50574624417146	354.447	1756.787	3195.73	100.6230158798608	92.17025017996428	85.31800600426686	74.36177386633221	80.79788360307991	73.47199005838789	64.34326293271829	47.4360343677552	6.586
g3_02_kuh_w26.wav	i:	710	2.078	221.94668101591773	247.35	2551.525	3118.611	109.80754215704019	98.89931319019652	77.93225134597361	110.11278248155966	102.26286600829182	93.01927225218897	61.83554576407502	70.46006890336415	11.413
g3_02_kuh_w26.wav	a:	711	2.383	220.69378640795347	639.062	1164.194	2731.477	107.89891494388183	91.10775186572272	84.99502534764784	88.47450927645444	87.32972835499578	99.84763458910848	72.41076063350916	50.44652232750843	16.76
g3_03_handtrommel_w26.wav	u:	712	1.245	260.37211318388466	310.313	1074.539	2830.713	114.09106526406492	108.2321683067059	94.50376603407967	114.32715158104772	95.16553584405816	100.21940500868429	68.18032779061329	48.80457859218367	5.937
g3_03_handtrommel_w26.wav	i:	713	1.918	245.5658623142524	281.053	2801.713	3536.429	113.44942812756895	97.50288241641688	86.40346937493506	113.79563751845541	102.09042007310941	105.62788445736868	54.35555137030869	70.53518171909732	17.372
g3_03_handtrommel_w26.wav	a:	714	2.536	213.56359218805702	742	1689.499	2754.724	102.53181082380775	91.09028976421958	89.02200962807979	89.60990519592562	102.08137769232225	66.35639785642788	92.64400847021622	50.69669432305319	18.418
g3_04_jumbojet_w26.wav	u:	715	0.818	345.24815252725074	419.6	1038.27	2851.58	110.91016187842928	109.81074822334358	109.38946047778258	108.42077856976644	112.13968032150053	109.75379375571585	74.9778024748212	74.99639533646041	19.593
g3_04_jumbojet_w26.wav	i:	716	1.381	300.2559678257708	359.722	2707.847	3361.219	106.18708910118093	87.36500342134	101.59865559590533	98.74487247625439	114.70367849554415	118.59597905962795	78.9122120733742	82.82916140954995	20.299
g3_04_jumbojet_w26.wav	a:	717	1.648	266.43137857372744	990.646	1627.198	2691.086	108.97048892049258	110.50373242227812	90.24763985579011	98.1011016019203	85.56984113168849	96.81400825429046	104.09624417504364	71.25031403291884	21.387
g3_05_bodentrommel_w26.wav	u:	718	1.739	259.9192612287292	605.681	1854.334	2997.638	112.19096059577959	89.08105137642116	84.83870720754702	81.00785295143555	89.17787083920048	86.22587675711533	78.5763312144305	74.33692866972387	10.012
g3_05_bodentrommel_w26.wav	i:	719	2.371	219.18284548796	262.606	2568.643	3078.951	116.56932062347391	106.33465515150725	88.61253299900024	116.94729154332373	102.39126750744823	80.0130955538364	62.140498506681865	59.83508618980311	3.512
g3_05_bodentrommel_w26.wav	a:	720	2.901	201.4727309879172	691.608	1138.59	2516.803	106.12642545077622	95.79032758978394	73.42966269587225	76.91827351052407	72.89072265812274	87.20811427905292	73.17904726784536	59.22711462677086	17.018
g3_06_wanduhr_w26.wav	u:	721	2.281	269.7197460364439	914.062	2230.608	3944.667	112.01040535335916	94.21775176085798	80.50025763768323	87.05297586076232	63.36616114184216	92.55894247392973	62.427709190464256	48.46372092925537	12.095
g3_06_wanduhr_w26.wav	i:	722	4.503	239.13201787938115	260.974	2655.168	3385.418	93.02665019590124	84.57214925635286	74.83897676840496	93.28435350581412	89.71017177283676	79.14625030126817	52.36296489952457	46.28569736258872	10.435
g3_06_wanduhr_w26.wav	a:	723	5.301	246.93310200723897	786.577	1457.365	2487.096	108.49224766625922	98.58769314680869	105.03093606425779	109.11262417363972	108.8306994051129	106.5651057001313	89.21057842677497	47.07080622209145	23.687
g3_07_krokodil_w26.wav	u:	724	1.277	208.48793578572003	1188.294	2064.915	2563.626	107.27489045893647	98.74634388588214	67.68699447347166	54.101397377406954	55.11445189128476	52.83614703748617	68.30527216532117	71.13199137071264	11.38
g3_07_krokodil_w26.wav	i:	725	2.02	203.4423195573649	390.307	2549.769	3023.813	109.73717072081256	100.51644936759828	83.74229115947837	100.3562607024233	94.57498209298103	80.2726345043027	51.20374445103177	51.52829016744623	-1
g3_07_krokodil_w26.wav	a:	726	2.486	193.71677993929154	867.18	1181.622	2618.716	100.69807915704774	87.53478092430876	78.31839488801442	75.28250840510336	66.45790455328051	59.088743285703416	72.6028851674453	57.55345371760769	8.376
g3_08_gecko_w26.wav	u:	727	0.737	356.30298416480036	445.479	1035.165	3152.722	104.87486837088403	106.17314396305059	110.08853552552031	97.75337534919818	95.5382072189001	131.90146998729975	85.63992638780606	77.4147119475114	13.916
g3_08_gecko_w26.wav	i:	728	1.285	309.5241090212651	303.344	1421.878	2875.793	113.57240416590085	109.6059173433452	88.67597421651112	113.50285497293842	86.34156314373453	119.90356154821927	79.36210463763871	63.70699857596182	13.169
g3_08_gecko_w26.wav	a:	729	1.506	271.89464595599463	1040.322	1925.334	2789.034	106.0876939631373	103.65787057971576	100.91139669667353	100.48354197849791	98.63505182713368	92.19305887171862	105.06294971319834	63.68787841306974	17.145
g3_09_backofen_w26.wav	u:	730	1.184	238.51388353238275	1009.293	2368.388	3886.667	109.71300036550858	94.99354225350368	78.8100467736297	78.42779307588785	68.59416439564615	66.17472196870582	61.687529982560044	50.506003026206116	11.215
g3_09_backofen_w26.wav	i:	731	2.035	223.35306221478234	279.573	2500.688	3516.232	110.30592644610746	95.3899425006594	75.30128048600086	110.77603332718647	101.39289860802978	97.16072170384774	56.69305933375341	65.57825523373967	18.241
g3_09_backofen_w26.wav	a:	732	2.335	221.25581248760142	828.879	1477.675	2575.827	107.13587876248293	96.53027189450495	73.1374351268904	82.61110559007298	80.05473692561485	80.930136085659	78.92219288898559	56.619232870592874	18.748
g3_10_spatz_w26.wav	u:	733	0.812	420.8645001247123	462.598	1950.043	3269.018	106.97676597917015	115.10563426588968	88.65558299004857	106.02684683114695	80.82514921225624	76.22967253961761	78.34985661879728	56.28019154833758	13.219
g3_10_spatz_w26.wav	i:	734	1.52	298.62478826332665	332.195	2000.294	3482.921	82.766922401028	65.0487350069595	68.75782830164704	83.00107707112724	67.88413839071356	110.69878092572398	52.29081356704668	77.44448872068668	-1.49
g3_10_spatz_w26.wav	a:	735	1.914	265.4050396144276	1067.557	1873.029	2885.25	109.12905370152887	101.99766335537913	94.38134950021254	94.34099438956082	90.7121927412545	79.45227462951172	103.4982414475401	54.10073978948737	22.318
g3_11_storch_w26.wav	u:	736	0.898	245.18461100517803	338.152	1022.942	2202.51	107.64779686926212	97.54558204653542	80.17804749563341	96.15513561138505	78.56218923981385	98.16412773051444	70.29572630599597	45.99596827102131	4.881
g3_11_storch_w26.wav	i:	737	1.716	259.2744781046323	254.692	2690.861	3223.544	118.55730733389852	89.3249405100394	83.48462751485363	118.52489969557837	93.96364658572553	76.79543154436743	70.9501322999122	59.868424531934174	18.915
g3_11_storch_w26.wav	a:	738	2.269	332.6244567423048	771.912	1242.553	3159.343	106.93195743738801	104.47577882959004	107.07462975626773	96.56398247392721	103.87126905780447	100.4663328117429	102.68807135306602	69.47215913009057	19.35
g3_12_kleinwagen_w26.wav	u:	739	0.699	324.46591410590594	367.803	2360.998	3220.547	109.28227756768983	115.15088561847429	109.65377996337887	109.4045869864944	86.30841198984089	102.6100040982555	78.51759228708059	69.09300266906975	14.516
g3_12_kleinwagen_w26.wav	i:	740	1.329	318.2212862161144	316.676	2927.502	3576.449	112.5856615723901	107.95935460906536	88.30574631861842	112.56908725874295	109.73661905286963	99.52873937224578	77.53729588803677	73.64269633985928	19.417
g3_12_kleinwagen_w26.wav	a:	741	1.595	291.2974925892242	992.129	1785.359	2925.093	102.14848782648876	100.95858893365846	101.14925738196973	92.28312479812962	96.8574599467658	74.16579519498593	106.15740180360078	61.1540348711356	21.673
h1_01_buerodrucker_w27.wav	u:	742	3.258	182.41568102632618	322.914	2207.056	3609.52	109.1735249368519	102.44899516057885	104.57801668871039	100.73335059249933	73.10655363463194	82.71265610097154	65.76543853999608	49.035826004520196	13.382
h1_01_buerodrucker_w27.wav	i:	743	5.674	202.67557971552804	265.202	2334.697	3367.896	104.5670631922458	85.57681765547079	71.4328969981471	105.1172659583122	103.88417430361136	101.51605016733843	69.25303670692196	64.29812879247072	26.657
h1_01_buerodrucker_w27.wav	a:	744	6.894	174.40901965849807	746.258	1265.671	2546.166	105.41755197645865	103.32317669621008	73.06390355622568	70.44679470014293	66.38768215250317	70.48258196185294	75.86100806233067	63.558292813588686	19.399
h1_02_kaninchen_w27.wav	u:	745	1.864	315.55668185126973	404.371	1059.243	2826.608	102.83713685386459	96.41437277533066	95.5024608551079	80.33947341223374	93.46521944429976	110.33913157683472	67.58650860957688	55.24200205716872	3.532
h1_02_kaninchen_w27.wav	i:	746	2.807	325.3598371544694	344.402	2631.974	3512.364	96.59183586134569	86.91604445690041	86.97175778073441	86.16800759199393	106.19444169845674	79.95348437812139	68.45421360538693	77.90234857677348	17.197
h1_02_kaninchen_w27.wav	a:	747	3.117	257.2348788694709	923.262	1489.169	2612.96	109.1170388379968	100.79521218761883	97.4224754609927	93.64623750813442	94.71904671088922	94.94986684396551	89.05571797980834	61.36626377473928	22.111
h1_03_bodentrommel_w27.wav	u:	748	3.073	190.7390001618779	277.463	1615.207	2567.088	111.10377824889781	99.29561333183034	103.94778044579266	100.93720773753978	76.13797888163623	84.83011841519175	71.47890232099897	69.29540721593742	13.087
h1_03_bodentrommel_w27.wav	i:	749	5.039	185.49015687572432	199.715	2021.08	3007.58	106.59874017085451	103.1602586051124	91.57374622543756	105.42036350802353	109.20375001793236	117.19502893580069	88.57532666715711	77.96040633440089	17.465
h1_03_bodentrommel_w27.wav	a:	750	6.607	180.92132819488324	833.287	1221.08	2605.367	110.17389185623722	106.14040833803438	90.81964536112123	90.24158157012758	84.3141290485131	86.58844781571116	75.80487596283763	64.9165639097438	18.335
h1_04_gloeckchen_w27.wav	u:	751	1.507	415.08512859368625	515.247	1333.108	2994.703	106.21135637212836	91.6944589004226	108.26105758524781	97.4692485554313	96.392969674244	108.71836414250092	93.84537689315505	84.90174895665243	10.534
h1_04_gloeckchen_w27.wav	i:	752	1.99	398.6289314481551	406.862	2387.28	2817.037	123.25200025100412	102.97067478608827	108.39320948256551	123.3174806204284	109.32852656234392	108.07180291785875	113.76383560062933	84.8091483132242	21.416
h1_04_gloeckchen_w27.wav	a:	753	2.312	398.00789362543793	846.368	1643.654	2620.574	109.2194804397138	82.93179667360329	83.90552387168167	78.83782210226597	81.49100792557718	89.13637760260805	98.80032797162131	65.9654821036645	18.543
h1_05_backofen_w27.wav	u:	754	2.402	156.0782530652083	927.882	2275.343	3399.838	96.8608174220356	88.2208080439981	68.58769116604448	62.577455066298725	49.35934163538972	51.792276981172726	52.15793452882966	46.90704256159904	14.003
h1_05_backofen_w27.wav	i:	755	4.305	153.54041119295417	218.15	2449.627	2648.767	104.2626895435469	97.87839888936887	82.16948047653246	98.65205532236713	108.3477205940266	97.30832289714016	67.35359824014687	61.96749440809295	17.026
h1_05_backofen_w27.wav	a:	756	4.955	145.512200687337	631.901	1206.081	2626.317	107.02309163244061	91.23061190370848	89.01856925063596	91.3517299002861	87.14492172197745	91.98795333020477	66.58629278828914	75.1045477697837	19.765
h1_06_komodowaran_w27.wav	u:	757	2.787	198.25379637018005	322.479	1849.334	2710.478	107.49840839006538	100.52579841106989	98.01421897749745	97.43123805229058	83.24350493799355	75.71207228356198	68.70616098186667	57.38041549603401	13.015
h1_06_komodowaran_w27.wav	i:	758	4.919	191.6913565574122	1582.269	2605.003	3854.222	91.66083977578157	73.7290326981499	65.84810382449291	48.77750164089448	61.596718512102676	79.23690570707039	69.84901353571308	88.74496736035795	-1.222
h1_06_komodowaran_w27.wav	a:	759	5.697	167.2210251818901	897.952	1337.916	2585.501	101.90951673579805	87.64739691276836	79.72796844241955	76.53504202075369	72.06423350573903	86.09607083177173	72.2966936089988	57.48991073322061	14.304
h1_07_kleinflugzeug_w27.wav	u:	760	1.472	192.62634449109746	314.129	2289.2	3513.066	114.06829159674439	107.27176682653456	107.10071904137541	104.509893629643	90.36895045180302	100.00303711583186	66.54616941406422	55.43373445546136	15.008
h1_07_kleinflugzeug_w27.wav	i:	761	2.827	182.18454823988037	249.504	2421.131	3178.47	106.92144226158737	104.70324616235254	76.56210070191642	93.48150932272199	113.16301177395154	110.38928620554975	58.74759488995735	70.89379724185375	-0.944
h1_07_kleinflugzeug_w27.wav	a:	762	3.532	187.90125364909193	804.064	1299.313	2483.167	111.92276506641356	105.66993145646919	97.61135224152231	96.08451137445859	93.9418460323545	88.13359155146505	79.1607571648488	66.61063405310829	21.116
h1_08_grosserbagger_w27.wav	u:	763	2.439	199.33235595753112	782.226	2190.984	3368.953	113.345182456965	103.03195137035081	78.8521004372331	78.4788756292702	77.47098909204847	86.06204245668107	74.28109052990648	63.10831228739421	12.205
h1_08_grosserbagger_w27.wav	i:	764	4.237	173.95980544773414	205.511	2279.082	2942.141	105.95880649105548	94.90228930489734	85.16905671361009	106.08103773869702	104.96713526180068	114.69835267813167	73.7364391061715	76.26169326444551	15.991
h1_08_grosserbagger_w27.wav	a:	765	5.427	187.5526078281571	833.318	1242.977	2412.958	114.22820202811673	106.98231041149339	98.58451684082436	97.62697661741164	92.49874121575155	95.8443043989772	83.2698580576517	66.80536896474153	20.482
h1_09_blaumeise_w27.wav	u:	766	1.729	613.5887987483948	653.041	1304.732	3124.505	84.46669718862672	85.36617448293	76.24570137673467	81.40087486932569	91.52840132190543	84.68406635978326	65.35809539726756	53.430198737501456	5.595
h1_09_blaumeise_w27.wav	i:	767	2.429	--undefined--	598.155	1784.907	2723.391	--undefined--	--undefined--	--undefined--	-7.703139310000918	5.870624546103141	14.319760088738935	0	0	14.582
h1_09_blaumeise_w27.wav	a:	768	2.796	443.2837115954036	877.7	1743.417	2703.573	105.29185781301301	83.3745386484118	91.4376970075374	74.25676912682206	90.18731467664914	97.26261848352846	103.22632757259805	54.11993869256346	13.325
h1_10_harpyie_w27.wav	u:	769	2.065	224.2877012394027	314.397	1095.496	2472.58	115.4336988601477	111.82906563587137	105.3149657567858	102.25326285263179	93.599149508809	109.78186604387298	74.2960650468545	60.887497995241816	20.115
h1_10_harpyie_w27.wav	i:	770	2.824	220.34332420707142	218.884	2359.975	3474.679	111.59956484458252	107.57274251273275	108.25888246755434	111.56636827197703	103.68992979627218	112.66934649045429	88.97069109909975	88.28705193613452	14.2
h1_10_harpyie_w27.wav	a:	771	3.745	213.86756198683634	864.202	1640.453	2598.594	113.55171167097046	101.62347509525073	73.5029512987183	73.40819740971673	68.5018407870283	96.65948210803121	85.1990285319437	59.34993418016396	22.735
h1_11_gecko_w27.wav	u:	772	1.577	304.58772103495807	315.004	929.254	2617.479	99.48433631166762	90.5880623569516	91.356933508849	99.1822494850222	116.88163741708054	107.36829710245453	65.11068758016172	61.57666644488132	13.49
h1_11_gecko_w27.wav	i:	773	3.595	359.4463116378918	296.231	2455.459	3352.696	104.65046237420385	74.79585653024978	75.47187655549638	103.08305525194552	90.65543710507812	81.27129855982749	67.45661369226613	62.295109045259444	1.042
h1_11_gecko_w27.wav	a:	774	5.247	259.5809476315361	903.562	1458.282	2706.941	110.48514429054705	102.53983823874427	68.60750026527305	85.0981776294372	90.52513115848993	85.42064604423066	78.78428727457812	59.26428748266218	20.182
h1_12_elefant_w27.wav	u:	775	1.991	315.3921425654495	344.319	2149.46	3055.428	118.68832067438902	102.69783001881268	110.82087655044599	118.87444502543588	71.47341817531768	98.69712613788448	74.22915420171628	70.6410756996046	15.541
h1_12_elefant_w27.wav	i:	776	3.158	219.23886158450588	232.313	1777.192	2453.7	110.81155585131069	110.67450695176322	109.18555271752305	110.56370429704076	109.69002067244682	103.66961179698026	81.76616811474693	68.40700276417815	20.861
h1_12_elefant_w27.wav	a:	777	3.538	168.37031705554654	674.73	1148.852	2422.848	102.64662850538707	100.87732437329157	89.69978796700599	89.69068035728736	104.07185706167212	99.66898148251906	77.28795821185416	65.2624690084931	29.398
h2_01_anakonda_m34.wav	u:	778	4.206	163.32137028979395	205.037	2121.71	3408.967	104.20602880219225	104.00545810680228	105.24592828282188	101.18440225119755	67.34623995080966	110.08021030281569	57.00025850139668	56.43985177678687	-0.648
h2_01_anakonda_m34.wav	i:	779	7.002	137.65747614011144	217.416	2275.501	3238.335	106.19251462395874	100.17171784102607	90.09427352578871	93.26791073462589	85.91295995909846	98.97526479961792	66.79957169642007	70.85609411509118	14.1
h2_01_anakonda_m34.wav	a:	780	8.56	94.86916435286966	478.699	1400.347	2490.152	110.98345791150469	103.64834150583906	82.80973954227053	86.89078571017828	107.85456703335986	113.1472427259041	77.97616831099953	74.57855745569738	23.486
h2_02_drucker_m34.wav	u:	781	4.494	141.5756574494746	435.096	2354.952	3128.887	102.39774311036749	88.65744239260482	79.46287880935387	77.30354817104383	69.73501247582448	62.65593240829186	53.30109932431366	46.996627093903605	16.289
h2_02_drucker_m34.wav	i:	782	7.127	137.299422232457	320.155	2321.753	3088.812	108.8144199449711	110.30173812956849	91.3818099457403	110.57460796576278	100.78761255333714	92.4365587272353	80.99192639626894	68.01778039207805	26.088
h2_02_drucker_m34.wav	a:	783	8.379	133.85078416092037	636.098	1305.324	2188.935	110.82880566867874	109.35624416414004	113.52487506832767	113.41281616918215	99.05462381864572	103.84037836173869	84.47614396035294	56.1405378415056	23.395
h2_03_kuh_m34.wav	u:	784	3.316	340.7852386707579	342.157	2313.76	3276.577	114.78775460056647	111.27983388767935	86.93030935985452	114.80070878366246	86.96838961705294	88.9100618273842	68.79695779842619	52.18445266065514	18.429
h2_03_kuh_m34.wav	i:	785	5.185	103.92908414919201	308.583	2140.969	3071.517	104.18967976907885	105.57025345901151	87.39663233320753	93.00048144224904	100.51578006402931	83.7121797625102	79.4288059582152	38.89827757371082	17.094
h2_03_kuh_m34.wav	a:	786	8.008	92.90343924541817	547.74	1016.069	2419.579	102.60207916364814	93.75469016546995	80.21509208896896	59.059319541175306	74.54278969832203	81.0950913010026	54.96395376793902	46.22899294910673	1.322
h2_04_wanduhr_m34.wav	u:	787	5.471	166.42996213360442	872.734	2594.605	3292.805	109.54473433440245	100.123665045009	80.16344043137309	59.05457377255354	69.87410971842368	72.60434919183405	49.306284962781675	45.123731569475	18.57
h2_04_wanduhr_m34.wav	i:	788	9.966	126.1455342285548	229.548	2168.097	2809.235	109.05408956061825	96.6679578741923	82.62364701715028	105.13118258523309	103.54049432102354	94.82403770958476	88.37182094695805	64.22521577063708	-2.55
h2_04_wanduhr_m34.wav	a:	789	11.748	119.81211462786884	587.787	1185.954	2400.315	114.54124935661261	110.99968215982004	112.9026603308003	112.20394789207842	93.32258966592076	109.66581226721487	84.240203218349	65.87430649184914	21.749
h2_05_storch_m34.wav	u:	790	3.918	338.47273664286956	351.66	2542.718	3522.947	101.6748100724724	93.1980415869843	110.47054441618909	101.66980760251812	76.92874494255693	85.64522353923647	69.00616032603384	74.23641256600266	11.86
h2_05_storch_m34.wav	i:	791	4.953	364.5338399007717	371.739	2432.791	3160.835	91.93494801622248	83.10427224508146	80.68102136191696	91.96033368260197	86.88292705806751	90.72393554128404	72.69917900191626	69.52524434170915	18.722
h2_05_storch_m34.wav	a:	792	6.796	260.71060342394367	791.009	1555.001	2410.864	101.31755081757933	94.00837966862463	56.327371577982525	74.79100496908606	72.16222019945786	72.87154690410784	80.81070553239697	47.70744593807897	15.596
h2_06_igel_m34.wav	u:	793	1.788	372.212023569959	434.159	2350.703	3187.382	99.86023740435674	101.68328510900477	79.3248629946109	97.75137543384807	76.93544951415056	79.9184128948879	71.02840524714716	49.56544179690903	17.297
h2_06_igel_m34.wav	i:	794	2.744	290.2211308848999	737.067	1935.735	3696.988	84.99020231858336	76.7164572483737	68.94671313360789	75.32880302387832	77.79845976209712	91.72438098288688	70.26461043215467	78.26627127840156	1.055
h2_06_igel_m34.wav	a:	795	3.82	364.85730720472554	943.7	1637.945	2469.72	106.8855328882903	101.33163611660291	91.12704593692165	96.21402800801437	93.46817353609907	101.96090075650528	102.68083456073457	70.07637960559215	20.298
h2_07_schildkorete_m34.wav	u:	796	8.967	147.71233430698774	674.711	2132.209	3351.344	105.06811014498315	94.03565134715419	69.15343368561216	76.4665471259965	58.66014591804792	64.44934521844314	55.3233103815856	49.8727136783469	4.848
h2_07_schildkorete_m34.wav	i:	797	16.404	136.0176609690245	231.01	2335.184	3060.685	108.89140201482606	106.31084135089068	85.60080830367124	105.55671208613334	98.02023008767571	99.59606725608157	62.618138619813585	60.14798116402237	26.359
h2_07_schildkorete_m34.wav	a:	798	18.811	99.36743332327049	514.027	1158.552	2330.503	112.09515986018121	104.85193992490042	95.00310842540128	101.82099742045003	78.03020770795496	100.65914230394193	75.26293904476785	69.94432810598256	25.479
h2_08_kontrabass_m34.wav	u:	799	3.296	115.65508037936881	403.465	2068.447	3408.317	95.79306273524912	56.26623552731774	52.160449946888214	60.61533715535383	66.24261177519602	70.99009881275228	49.817647741882524	49.34243591081944	9.083
h2_08_kontrabass_m34.wav	i:	800	5.389	123.38667540450832	188.006	2104.031	2545.931	108.66784586194345	103.82629041634294	82.78148280058974	103.01065044264257	132.37992804475775	112.92257544325469	92.31818748008807	50.76123815224392	17.598
h2_08_kontrabass_m34.wav	a:	801	6.613	118.50848478542119	399.175	955.496	2428.782	111.00309365764481	94.63541742766961	96.39427003492531	94.21402212612753	82.29644013803724	117.02308181012344	57.008373527522814	58.41238079240032	18.408
h2_09_violine_m34.wav	u:	802	2.768	185.26924548423696	250.2	2424.32	3392.012	103.42737178012533	95.26321175389566	80.91804851901608	90.42390932497061	61.594815926158844	80.06187177017765	52.90294112972234	48.452966305851	13.591
h2_09_violine_m34.wav	i:	803	4.329	112.20074673702386	213.482	2172.681	2536.799	105.74806676953061	95.47275285917169	87.58157002166712	94.89083484107685	112.67576314158345	88.57423849385744	81.13102086529167	52.36546352186451	18.063
h2_09_violine_m34.wav	a:	804	5.207	132.98103056564275	461.998	935.469	2386.193	109.06506276058572	96.02805424145564	94.59141909035061	92.62895736944299	77.81754466014549	120.04188964947974	70.23783278232148	59.08312856252909	19.526
h2_10_jumbojet_m34.wav	u:	805	6.053	207.77608674153745	237.373	624.011	2541.788	108.39705595298241	103.07607930506975	98.64680934567774	108.23909210364363	106.52592448740853	106.41849048094184	54.05466556579552	50.13646135870515	15.37
h2_10_jumbojet_m34.wav	i:	806	7.297	216.48403917060995	343.088	2181.266	2962.905	111.28271367983544	90.13554374979071	74.11060156938012	92.24669342308194	101.17289357852162	89.82945551124914	83.83549856944353	59.19093435988821	15.939
h2_10_jumbojet_m34.wav	a:	807	8.688	88.3597901827795	781.156	1379.063	2946.146	112.68298926499357	108.63263826271546	96.64046399286967	94.59775384538123	83.22275017432871	91.1300396974408	78.3226344544478	69.15158550809896	28.081
h2_11_dompfaff_m34.wav	u:	808	3.811	228.10604349447593	272.211	829.39	2805.743	87.52222891222013	68.89548809037962	64.60825864363574	84.69755799707391	41.674576146293305	90.4931665286387	46.60622400629669	41.59624847761252	12.212
h2_11_dompfaff_m34.wav	i:	809	7.421	218.5142842813915	260.595	2316.779	3313.701	111.58526433771097	97.36180912499329	68.81157822496448	111.86634276961189	100.94029312381439	90.02493370049424	73.85735444241433	50.66546047764365	11.097
h2_11_dompfaff_m34.wav	a:	810	8.978	266.54545181061087	1266.607	1769.71	3028.901	114.53889634990338	113.1789522236142	98.03241594255076	83.26412970009235	88.94794121670787	89.15478743204297	81.54814882178994	61.956648687027645	20.679
h2_12_kleinwagen_m34.wav	u:	811	3.471	168.58665482919812	475.857	2930.086	3702.095	109.36486119375013	107.03258174939961	96.96794692218131	95.47334654352875	93.13545730867807	88.97802532813938	69.04346577365966	65.35414352038538	26.509
h2_12_kleinwagen_m34.wav	i:	812	6.437	172.3281753841291	504.48	2592.287	3532.676	107.02482949038195	108.89146712962324	94.81338837285051	92.86691711897298	87.98710171885959	87.65667512593811	75.02968849719032	65.41732109761199	21.282
h2_12_kleinwagen_m34.wav	a:	813	8.341	165.54532249379164	863.695	1437.406	3078.064	103.08627345581957	92.69616189131895	90.29210625813542	75.01476596853055	86.06195003132011	96.74985687347262	98.43243854931204	45.59176023473381	22.323
h3_01_spatz_m30.wav	u:	814	1.361	310.67184628433165	758.489	2243.571	3011.033	115.68163322666423	97.6689040607967	83.45270289322275	92.0332827700411	77.27633129401113	80.92237048568023	85.60444374627389	47.41500898859209	2.214
h3_01_spatz_m30.wav	i:	815	2.078	--undefined--	594.892	1686.762	2850.184	--undefined--	--undefined--	--undefined--	-9.173188412127587	9.714765531868991	17.96821563724361	0	0	0.362
h3_01_spatz_m30.wav	a:	816	2.689	355.4688975567531	728.336	1413.869	3133.134	107.41368336583477	94.46104187642754	109.74951839309959	93.15353425017804	109.58343233401297	114.2418802675787	100.04698500032859	68.32277235229908	14.958
h3_02_baer_m30.wav	u:	817	2.346	119.71970987945666	327.039	2237.588	3566.028	107.94747638051908	108.37895799118769	102.48768001655397	101.6179227152061	96.54320559007603	112.31755979098455	92.11569936709813	59.17923074743455	2.214
h3_02_baer_m30.wav	i:	818	3.457	93.86262908154927	260.067	1867.622	2609.683	100.8168154055608	102.79006114108472	89.36860205396829	103.16999672884613	108.24573838885532	111.4717399568779	79.56483077327773	62.273346744833745	21.395
h3_02_baer_m30.wav	a:	819	4.529	89.90632743007484	726.953	1161.933	2551.197	100.82346558531471	100.71010512014993	92.66443618375418	97.80035842111201	105.82066036382847	78.17585086467345	80.47956250998618	63.19276721803601	6.883
h3_03_industriebackofen_m30.wav	u:	820	1.937	119.9288691959212	615.95	2224.129	3841.903	106.41560645026848	98.97541074853616	83.60563754569421	87.12619541704196	74.07147128392432	72.21720085723062	68.4141351469252	50.3957684079615	17.904
h3_03_industriebackofen_m30.wav	i:	821	3.518	111.48488284350108	301.162	2002.974	2648.359	105.53725854383707	103.57483663962394	96.45666228828395	106.099479316812	104.37353338133758	94.68679310877744	93.88147803797273	61.772618239153694	20.653
h3_03_industriebackofen_m30.wav	a:	822	4.461	112.79760976468157	648.225	1109.236	2427.391	109.19376452721	108.80019014633945	106.60920185194574	118.55849522923775	117.74156996998823	98.02788005647682	89.1171530505913	72.91736994282883	34.145
h3_04_armbanduhr_m30.wav	u:	823	3.312	151.00866378793944	574.485	2274.849	3380.688	103.42002049977891	97.27670033575369	87.33983598100532	88.16855413198529	80.85204478301043	74.60283977607608	57.470088420201684	46.92145878975131	21.242
h3_04_armbanduhr_m30.wav	i:	824	6.357	152.00088218285106	2038.7	2763.012	2798.62	105.45245363780137	96.86289587772895	79.0889478369365	66.21893575721234	64.99458860552917	53.4176356865979	79.34236714745771	53.70681400622019	18.187
h3_04_armbanduhr_m30.wav	a:	825	7.515	145.7208051919704	677.582	1143.348	2492.091	106.90085407270202	105.27030290447198	107.39469118580766	108.54973700683682	109.90172105877804	106.18886552369501	82.33325922097528	62.63799216566213	32.364
h3_05_kirchenglocke_m30.wav	u:	826	5.776	110.5882929579164	623.919	2228.567	2842.972	108.03034842378466	105.71009781441767	94.67788251441901	89.06003890736328	86.83537744186592	96.89219203139658	81.33758827824937	44.016434147649505	24.131
h3_05_kirchenglocke_m30.wav	i:	827	11.602	110.10064628913564	317.546	1956.251	2592.08	105.90460801929044	99.81918160033597	90.51710704454976	106.92776832522027	107.37167434696575	94.49374706851769	92.1052496075381	53.4139492173474	24.813
h3_05_kirchenglocke_m30.wav	a:	828	13.494	112.87159886827365	656.173	1135.214	2479.912	109.94570877715876	106.56248079981825	103.78666382164619	116.80700955395014	115.65321196542477	105.65061194500177	86.38209882100044	65.4367658731065	31.392
h3_06_handtrommel_m30.wav	u:	829	1.625	138.29366563677425	776.91	2288.559	2937.061	92.40864914785504	88.28418265923115	41.76192657615095	41.85853328974808	42.66733904342283	57.031362502970104	48.29988710869634	46.43098513339225	-2.354
h3_06_handtrommel_m30.wav	i:	830	3.023	141.04670285561	277.773	2159.88	2904.384	103.86960737659949	87.68141725476049	95.43364103538948	87.44233567746315	92.31651478782327	77.5721041324997	86.82261583937336	56.328184281955195	7.189
h3_06_handtrommel_m30.wav	a:	831	4.125	134.63218215635692	683.807	1199.591	2415.887	108.28903917791936	107.77810194115023	107.45626402213405	110.20990060644903	105.81256124811483	107.88420678628086	85.24975347377239	64.26456430855205	28.44
h3_07_kleinerbagger_m30.wav	u:	832	1.668	152.16403414269115	707.19	2387.679	3340.957	106.4051146639716	105.58782261826784	84.03696879663815	78.60317870771092	79.55420470287561	63.976506771814364	71.47535285207347	46.54805302173272	16.178
h3_07_kleinerbagger_m30.wav	i:	833	4.45	147.17407888265626	266.656	2150.504	3167.898	101.38429979487245	93.08570960598277	82.82048926115749	89.84725927419409	95.98083227238189	116.40709054153041	76.23874798112705	60.29601281993295	21.252
h3_07_kleinerbagger_m30.wav	a:	834	5.824	143.40854968509151	646.593	1175.718	2219.216	109.71620641903883	107.60275880405153	121.33042291799376	121.608134606789	115.67258428465796	105.64464178108629	90.31169790245625	75.00540760347872	23.604
h3_08_suv_m25.wav	u:	835	3.006	118.10726865808022	342.824	659.976	2277.656	105.22473037191287	101.47694262538292	76.49519031281673	90.72202786799252	89.98002857996948	111.18374155250284	69.84349532250258	54.4266399923352	20.654
h3_08_suv_m25.wav	i:	836	5.787	115.19431703141164	271.383	2087.898	2664.834	102.62495435895923	99.70356841326182	104.8629111909924	93.58547694172495	81.00510322225627	89.03458496438513	75.17038491686256	73.80694220438485	-2.176
h3_08_suv_m25.wav	a:	837	6.981	109.69779680285654	647.525	1123.902	2260.789	106.70253488795808	108.33056540846916	108.13440644843888	112.58375457385637	96.25681495000768	108.56411553690519	91.37200737910469	61.009632817286786	30.149
h3_09_krokodil_m30.wav	u:	838	2.845	272.14230835513985	367.922	799.571	2467.093	115.98649903850585	110.91491464571894	106.0755488463519	107.1062089983993	103.62688432082686	122.77959372699482	71.27041334343309	67.34781122287772	16.071
h3_09_krokodil_m30.wav	i:	839	5.573	293.41149193762743	320.427	2056.925	2772.849	115.50395190737966	106.73912550183037	92.63376807178466	115.66493122537659	96.6260665463354	105.10700038974943	91.94424944287712	62.51651697335006	15.507
h3_09_krokodil_m30.wav	a:	840	8.029	176.37521567672226	686.676	1207.815	2948.498	101.8160450730993	108.451318069153	93.83598846480864	108.24123502759446	102.73897749616044	110.00207303418863	94.1149593039564	74.59038412603259	6.902
h3_10_kondor_m30.wav	u:	841	3.683	123.0073698254068	328.301	2310.795	3221.937	101.4380752869308	101.54785355708421	87.5431388131395	84.33708417578352	87.91396719423958	67.91236218377867	59.34181524976977	49.23428979629938	21.151
h3_10_kondor_m30.wav	i:	842	6.297	126.60062434136334	266.624	2110.227	2735.854	106.08638018263525	99.08451727262037	99.60536874575246	98.63792896141449	101.38986430879073	84.4379090321232	96.24165560694237	69.95037649484333	20.282
h3_10_kondor_m30.wav	a:	843	8.143	121.36190526332999	679.84	1157.985	2442.892	103.31437810303359	106.94978077917844	110.28727942929245	110.9293508427006	108.57965733784886	97.7940905079493	97.58263618675171	62.867947140751326	27.936
h3_11_blindschleiche_m30.wav	u:	844	2.953	268.4957557336686	356.149	2433.902	3968.503	115.44632713655231	110.4965626678773	93.18728309146005	110.51794309443974	98.97420217675487	84.00944054619394	68.16501665313181	67.69281171237884	17.041
h3_11_blindschleiche_m30.wav	i:	845	5.533	283.48427494354314	315.354	2039.512	2734.218	117.57916341033527	113.17983802298211	105.5065570513116	117.6162349459386	107.71740829056122	116.18615873282207	103.46655348039484	64.04284697049634	14.304
h3_11_blindschleiche_m30.wav	a:	846	8.106	177.63101383953054	685.685	1207.981	2941.563	102.06233993623142	108.66905395980076	94.39350619335887	108.7038692404973	102.28162073400263	110.07131122590957	94.55429141676038	74.87371829036634	5.711
h3_12_aeffchen_m30.wav	u:	847	1.859	296.8363765970592	403.083	1559.881	2811.217	104.3649122687317	104.17614385544775	83.18304807039868	87.90998487141107	70.28138927559624	83.46500294025994	64.27979621973462	44.749668076529204	13.143
h3_12_aeffchen_m30.wav	i:	848	3.202	299.66322997187376	311.744	1883.451	2818.141	109.38043181329205	84.72943631108294	88.06798810425758	109.47714403933594	76.897620928681	98.90169176040686	72.98605680718254	70.3480372502851	18.537
h3_12_aeffchen_m30.wav	a:	849	3.759	306.579035429629	735.137	1129.763	2755.495	105.62027094409379	101.95472314304723	100.41004222503526	91.27763299525694	96.99986956430342	102.95361074225698	79.6540612426937	75.67650517948348	16.911
i1_01_gecko_w30.wav	u:	850	0.939	373.7352249371254	374.499	1389.946	3359.321	105.40149933164223	90.57882194869416	82.19871561159658	105.40716562330793	71.26529006136741	105.2255530308345	77.14264855559678	66.29439718832067	6.193
i1_01_gecko_w30.wav	a:	851	2.141	217.93852048922685	868.951	1674.56	2988.911	105.13652209929563	98.94002072974196	59.70589190044544	60.304834487604005	57.917228111903135	66.94824291244763	77.36163320744606	66.5577956975756	25.501
i1_02_blaumeise_w30.wav	u:	852	0.743	375.56297377007877	462.247	1672.985	3349.531	109.72094004929102	106.10101701908701	94.09002710022953	106.22610889944397	90.81359512501746	109.53794356916552	85.93385614473411	61.6496252579029	15.472
i1_02_blaumeise_w30.wav	a:	853	1.953	269.623274130985	908.156	1742.433	2994.227	107.79236332640221	96.97719011868111	63.80912670075404	80.55234014220159	72.01642455550372	77.88975806208343	83.15843397097117	69.91298167357367	20.035
i1_03_kontrabass.wav	u:	854	1.06	233.5664125379366	398.835	1146.249	2774.385	111.16207593838548	100.97433697363425	88.07688523203441	90.15256102477304	85.33528017338534	105.8011829113686	64.93477908375503	61.80186001184601	19.299
i1_03_kontrabass.wav	a:	855	2.436	184.24582028600423	824.595	1486.557	2770.858	107.13087600988328	103.5441232539205	70.23239840413589	66.54946916746151	73.03517353500077	85.32586765589181	68.33837005889411	53.19928126651614	24.442
i1_04_wanduhr_w30.wav	u:	856	1.355	295.1238665239693	321.08	2425.694	3039.326	105.75898030357835	99.77463038765146	92.30429049674864	105.7465850033254	75.69389193959177	88.15717954923613	72.68285513090886	68.39822764531729	15.957
i1_04_wanduhr_w30.wav	a:	857	3.446	218.6047834883575	841.092	1599.037	2981.098	110.29528600470573	105.2249041153554	82.1131219086372	89.75654292374836	78.23269159542417	89.31750490228667	87.07219463146102	66.1317415038279	15.511
i1_05_harpyie_w30.wav	u:	858	1.002	305.8181024013003	334.952	1098.608	2671.881	102.3057009549817	100.01419759860877	87.90247217101616	100.8677997644833	74.28300056470933	92.64635158927057	67.80662138742917	58.70815326687435	9.543
i1_05_harpyie_w30.wav	i:	859	1.987	298.22748783948595	306.334	2589.064	3642.238	104.32867814533454	104.70097388060643	88.52347604887527	103.96868679052642	98.20967937165094	110.93930240143487	73.31433064780302	70.19091394145642	20.555
i1_05_harpyie_w30.wav	a:	860	2.356	206.17098317702093	904.492	1614.311	2909.456	107.83434881543326	103.35363633060766	95.3359274497817	93.31332839530322	82.86793913578842	88.66679052111448	86.18168351617123	69.44122460430248	23.454
i1_06_elefant_w30.wav	u:	861	0.946	227.95713542606384	359.163	793.039	2903.547	106.96690331606621	108.85444703670669	92.58779474802576	97.62217568473415	73.93162575630068	107.90262032041758	72.82801080842647	66.96440513949041	17.809
i1_06_elefant_w30.wav	i:	862	1.898	218.69610804402026	288.811	2458.761	3286.463	101.12876146557767	100.46105635754795	82.49239207310663	93.97988611523505	91.74282832314975	92.44584112645916	64.76730012902189	68.21108730633156	4.353
i1_06_elefant_w30.wav	a:	863	2.403	102.66649404202738	777.609	1360.784	2599.606	97.16059041689964	104.18162882366452	97.2241801463483	93.36347103397027	89.63600240328235	98.19192742381198	81.43545818607187	64.34600173358574	29.664
i1_07_armbanduhr_w30.wav	u:	864	0.963	286.5653949990662	317.768	903.495	2552.27	105.58522112168912	99.16798123604475	92.70165055892957	105.27410414912585	84.83020256719358	96.14520275748902	63.826596594210656	56.74357022600632	7.678
i1_07_armbanduhr_w30.wav	i:	865	1.988	268.16686923786654	287.676	2644.426	3688.842	115.0422122203746	101.4431115063378	86.62592230615614	115.25647422658172	111.90464668743819	93.03697967694939	67.67681929193876	76.82995574404129	21.141
i1_07_armbanduhr_w30.wav	a:	866	2.29	216.43391014087294	825.562	1576.555	2850.585	109.17385419461847	105.73460918927412	82.73990809293886	87.31122875316686	79.76073737009057	93.83163825932601	85.6490725794845	66.40343031838202	23.433
i1_08_kleinflugzeug_w30.wav	u:	867	0.932	294.8969734716502	362.397	1030.056	3020.386	111.30331071781856	106.11181651191025	103.81912602692972	109.64721011628772	86.85695105872853	112.89350182325543	73.95123795745634	61.14231332232754	14.648
i1_08_kleinflugzeug_w30.wav	i:	868	2.025	294.64580999268327	323.765	2651.925	3544.296	107.63408980937683	107.0835140972168	100.5802921889412	106.28309547525785	105.00599428240662	102.97964631999167	77.61252871294886	86.13794402150847	23.349
i1_08_kleinflugzeug_w30.wav	a:	869	2.509	219.44353379493256	844.605	1656.058	2843.363	108.90001045274752	103.42774194084446	94.27009283841011	93.98458084288816	89.27728955283264	91.0421326231693	89.35924152679762	70.56351698661858	23.079
i1_09_komodowaran_w30.wav	u:	870	1.049	291.3996494073759	337.712	2451.512	3085.586	104.20079132318472	106.34096785065165	104.16361073023607	101.29659067777104	76.31293366347451	95.24263324387164	78.32138795992832	65.30051958434274	16.698
i1_09_komodowaran_w30.wav	i:	871	1.9	221.17928356001104	304.647	2656.969	3299.923	106.1503107590391	95.19492588368078	72.14858133543851	101.4641030594457	91.1457452720068	92.70700915372143	64.04054734036208	76.25321909162786	1.25
i1_09_komodowaran_w30.wav	a:	872	2.37	96.24367788371612	863.703	1610.728	2857.377	88.03081570473952	106.39021303323642	97.24659298887212	87.17711834574874	78.74433344897041	81.99548818894661	82.81719770908632	59.745345519714725	23.309
i1_10_jumbojet_w30.wav	u:	873	0.97	211.87246156338927	349.671	1002.585	2818.754	109.63885953497203	111.46683649510692	88.95560147652901	106.05454263189705	83.0916776983463	118.0782400166501	78.13462056645774	70.76661194253235	21.065
i1_10_jumbojet_w30.wav	i:	874	2.06	258.66354310115526	302.548	2641.726	3410.083	108.95959583395513	111.63531147707265	94.74827896491628	106.2112193720645	99.96513480152906	108.34627335550044	73.74367635660265	71.20194694117495	14.974
i1_10_jumbojet_w30.wav	a:	875	2.464	191.39672200889152	817.78	1541.255	2845.562	107.59781938108448	103.4841480965366	76.38116762686342	75.14109567099342	72.27220411504202	94.86301710784846	78.26550046435901	70.89416158417697	23.197
i1_11_handtrommel_w30.wav	u:	876	0.918	291.63300560201463	320.133	929.746	2580.73	111.64405261739378	107.30800737336935	103.37462158859037	111.21342756003533	100.20602003212556	106.67626900490622	70.672833633751	56.87430315215833	15.114
i1_11_handtrommel_w30.wav	i:	877	1.922	244.90332078746505	313.295	2625.818	3392.68	112.32579025600747	104.1205126546968	76.72971098137471	109.47229503029048	100.66024782915824	90.98384434804484	75.11683754433426	66.06268151179401	13.078
i1_11_handtrommel_w30.wav	a:	878	2.254	192.30287163958502	843.598	1526.267	2813.35	108.534593384798	101.16628668184927	91.24742969447733	89.74560784189556	76.6844170267132	85.96186371883364	79.45313245803628	59.748774975926125	18.062
i1_12_igel_w30.wav	u:	879	0.839	267.03432249937026	363.723	1246.631	3362.907	106.31265968315122	104.57648978391708	86.45757098053073	88.9642413227264	81.74921931078791	93.92571060443858	79.37241742560927	60.44030374973446	12.918
i1_12_igel_w30.wav	i:	880	1.759	337.73183932527166	335.507	2703.748	3438.753	101.1293359701705	80.1507428915502	87.86885920198779	101.05899694467523	99.88270093729454	98.81143806647049	64.08042793065954	71.36221894741703	1.912
i1_12_igel_w30.wav	a:	881	2.16	230.64378887648914	869.802	1668.655	2941.378	109.39919911959419	103.51570228519003	96.8094195706901	95.82565022297396	90.83401521749022	83.35630135661	93.17516404869687	70.8917217293315	23.885
i2_01_buerodrucker_w24.wav	u:	882	0.898	212.242897742152	278.33	2538.628	3478.929	103.85984688219864	106.78163930815778	99.99814800181173	92.63000326361282	98.23654667830036	91.18912869911169	66.70183001791229	52.88000585175681	15.639
i2_01_buerodrucker_w24.wav	i:	883	3.285	205.95210706330596	220.37	1409.387	2618.61	112.20912195413143	109.47123844784048	92.80092438886385	112.21967550213128	86.24930526714961	102.27605175857437	58.56717143809441	74.83758184703615	15.999
i2_01_buerodrucker_w24.wav	a:	884	4.033	165.87814791512102	748.221	1407.822	2873.987	105.71827598131793	98.5864056497867	99.31244058753863	99.16256346999369	103.83567288032498	103.2909861998164	73.43480885057066	63.40218398095775	23.806
i2_02_anakonda_w24.wav	u:	885	0.948	238.53515613539108	255.925	1403.991	2792.225	116.0503244792728	100.42088260817991	76.35453972136139	116.23012754662167	84.08921596134468	84.59579869088505	58.31275705464456	72.63378527907663	10.653
i2_02_anakonda_w24.wav	i:	886	1.962	238.1111790911079	239.059	2060.484	2653.612	114.3857467754656	88.13970846670894	91.94879631675957	114.40056536506624	89.75918447625789	105.88590283965509	69.88373042237251	62.633236826789904	-2.154
i2_02_anakonda_w24.wav	a:	887	2.414	229.93226490680664	989.274	1611.242	3212.254	111.88507700501194	95.02026382009181	95.78312376280952	95.52616623107154	88.91095458132655	81.69914150997704	76.91890428737999	72.53972349535721	9.784
i2_03_aeffchen_w24.wav	u:	888	0.701	187.83976259708035	292.467	1127.959	2598.849	104.63379007944619	95.38463173183199	90.13704951900152	93.91212153881814	98.42363573081559	108.99211956620823	79.0387774896578	57.856776840934394	2.182
i2_03_aeffchen_w24.wav	i:	889	1.57	211.43082949730538	262.87	1496.565	2537.95	118.45151951551273	108.11688084664077	85.88936155497427	118.74588044660044	99.53212362626356	100.39356643856287	73.81695638667087	83.4199059857467	19.988
i2_03_aeffchen_w24.wav	a:	890	1.884	111.7064777912686	996.857	1770.022	3559.425	96.38337715563995	99.18640250824035	86.03271469311946	92.69619461981038	101.21900824477619	87.18520601260249	81.13516117564829	65.63862873441374	0.686
i2_04_blindschleiche_w24.wav	u:	891	1.039	254.27486712229475	265.954	982.603	2738.666	116.0339786725938	96.6220789016724	67.67174233300003	116.12324949586046	64.56964274131767	98.22763226202618	57.88111023286398	69.67680451760992	9.757
i2_04_blindschleiche_w24.wav	i:	892	2.002	261.19056349045775	256.617	1127.905	2559.855	123.23953692619611	95.81480083397145	82.578996570261	123.20134128940902	83.68451100443299	96.11638575854829	66.50072575293046	64.70944623930335	17.533
i2_04_blindschleiche_w24.wav	a:	893	2.335	191.56514602931387	967.319	1569.96	2896.107	105.49929876243479	88.15925363731839	68.41969091571009	78.6872837881743	77.28077673698505	77.65252826466657	73.53996276965722	54.0522505758663	-1.385
i2_05_storch_w24.wav	u:	894	1.069	126.77801709021382	337.792	673.104	2499.951	94.50873643219369	111.91488338449875	90.53688228293588	107.29676895017023	77.62972832999729	107.01075997002235	67.24815062006905	64.28755468031498	19.306
i2_05_storch_w24.wav	i:	895	2.22	213.28683109894638	284.771	2548.378	3640.254	111.44397669299686	104.15166685651347	88.18494563446579	108.50568668806656	105.34196735149257	113.61014117017257	69.2301680219414	73.11763577128852	14.234
i2_05_storch_w24.wav	a:	896	2.523	87.1371903346041	927.946	1558.788	2835.914	76.51597309399338	104.51704727865793	99.16972601297914	77.5266266106322	76.24790852772864	87.89052442203777	80.88246534541778	81.16265513928636	1.794
i2_06_grosserbagger_w24.wav	u:	897	1.146	244.67563249461176	264.584	787.961	2445.108	120.79083991421754	106.87016923566736	95.8660118413871	120.90377481438529	105.93699506600939	125.8765628689743	71.79550969468411	53.768942933069006	18.664
i2_06_grosserbagger_w24.wav	i:	898	1.996	226.1759802179136	226.436	2199.127	3185.675	106.07104844560186	93.06653115033362	82.71868878542519	106.07565772785989	104.22246293891988	119.15545998374874	75.13989015393507	76.5658638159268	5.867
i2_06_grosserbagger_w24.wav	a:	899	2.485	177.071259114677	793.139	1238.552	3039.718	106.24815339143865	94.29485813138548	94.78320338976077	93.74159247947188	91.78257338863695	97.98315376052356	71.54965400992491	60.713699044245786	16.834
i2_07_kirchenglocke_w24.wav	u:	900	1.764	193.00057027833736	245.614	864.07	2639.645	101.18062556012313	99.1550939569018	86.15286965475775	86.08646625578459	87.63738416477304	115.5167521100201	65.45414057653244	76.28942747137086	1.412
i2_07_kirchenglocke_w24.wav	i:	901	2.895	190.99091241013758	280.771	2488.885	3751.885	109.26617561887609	104.7040078808243	88.26978428204748	93.24072678263353	111.33474733330924	98.81939367996188	56.30193677181653	67.84485855756499	18.17
i2_07_kirchenglocke_w24.wav	a:	902	3.697	201.82805593673402	798.728	1312.863	2987.481	108.94628939368204	100.5768359880946	85.49185722003253	85.50662631258778	83.58658741122568	97.02711064376417	82.57313731238334	62.130811353483104	19.849
i2_08_spatz_w24.wav	u:	903	0.759	320.8594578298488	368.904	889.397	3236.781	95.97971545696697	97.84085261545172	89.82324284435634	90.71147385294334	92.96701299550031	107.8576728468982	58.618792440414175	77.90402272332561	16.437
i2_08_spatz_w24.wav	i:	904	1.356	273.9207102651246	277.402	2614.652	3816.541	105.28829401083081	88.62466770510699	77.17957876481998	105.36217555054537	102.5589473266026	105.98690583631404	65.87758519375842	65.81500830061596	15.471
i2_08_spatz_w24.wav	a:	905	1.674	152.2228266342033	832.564	1703.054	2816.024	91.67386443015758	104.5336563285235	97.17870479139232	78.21050116744193	90.06886805800028	96.26662575079249	87.68752865779719	55.056140938892774	19.216
i2_09_kleinwagen_w24.wav	u:	906	1.009	206.8766726712519	275.656	949.623	2394.213	110.57084143359272	108.85719491884254	95.55968305761633	107.28323839769817	97.60370144164216	109.34755129483432	66.81167092142199	72.82028665562989	15.742
i2_09_kleinwagen_w24.wav	i:	907	1.557	247.79949364659717	263.256	1935.433	2832.371	114.85441564827129	92.20269166517727	81.38526859630697	115.00464826426868	77.12288547587988	102.61595315232414	65.2421748475642	68.06233179686403	17.423
i2_09_kleinwagen_w24.wav	a:	908	1.924	190.718784068204	816.645	1380.662	2814.333	104.83463139151075	96.14674911953739	97.55861657428696	97.15427289096301	88.90857773096378	90.52065191836937	80.84728141396432	81.46988800405981	21.486
i2_10_baer_w24.wav	u:	909	1.138	214.9474804038862	317.212	1099.641	2344.21	112.03451149138934	118.43278533447716	100.36499391889052	102.19405337340157	102.50280544873553	107.17294524395263	83.98709281127955	73.53218052311385	17.468
i2_10_baer_w24.wav	i:	910	1.967	188.15423859295376	327.322	2729.266	2873.452	110.64951213240752	106.38090621816288	98.01939368732243	105.58590934534642	103.63727358880934	88.20765489308738	77.3216149979027	81.43981323533836	12.782
i2_11_backofen_w24.wav	u:	911	0.702	256.8132595500987	1090.676	1759.169	3266.485	110.7114702628227	87.94192669228605	80.31673797930286	82.11239741774611	70.18561353442975	85.10829649959479	84.16021702463027	76.9490439351141	-4.956
i2_11_backofen_w24.wav	i:	912	1.353	--undefined--	1394.91	2551.294	3313.758	--undefined--	--undefined--	--undefined--	-9.69285953718828	-2.919990730107507	-3.381282618999821	0	0	8.031
i2_11_backofen_w24.wav	a:	913	2.022	200.92864080739926	1116.589	1667.324	2745.387	96.73008694713154	79.8249060551903	65.51972100318554	71.19324883876831	88.0311694521867	95.8308665351384	86.04863507724382	71.46357009066281	0.404
i2_12_gloeckchen_w24.wav	u:	914	0.999	286.5513576869214	291.138	1173.826	2452.455	95.18907475814709	89.01779882845386	93.1831250440508	94.88231186067965	93.59663910713411	101.33029668260484	62.60541882806976	54.85118752538718	9.986
i2_12_gloeckchen_w24.wav	i:	915	1.847	279.11115045991954	282.716	1155.567	2597.579	117.76937790422377	101.56155492815739	91.3366492533243	117.81015292162063	92.07951772426661	116.44687110158075	62.577184106750266	66.51633732308701	16.794
i2_12_gloeckchen_w24.wav	a:	916	2.387	215.86803904838268	833.227	1537.713	2942.629	108.2000314926519	86.9576102611693	73.56178571166845	59.33088891320991	88.98508460377549	87.9002321844683	72.97414526011372	68.37856513589794	17.55
i3_01_bodentrommel_m21.wav	u:	917	0.932	119.1887846926193	331.743	949.195	2260.655	96.04770962852827	96.3429374196701	87.6069141347384	93.95065233223099	89.29101203335784	91.4933751602963	62.865921149535644	41.024742871532	24.285
i3_01_bodentrommel_m21.wav	i:	918	1.625	125.65097812711514	315.622	1856.903	2458.664	99.28496001815327	105.76038312104502	90.356634736458	105.91634234915898	112.87985684551566	98.30003808061525	86.89308325699643	46.133430284984804	23.911
i3_01_bodentrommel_m21.wav	a:	919	2.009	121.94675173454316	602.638	1088.319	2330.682	99.1864446355697	98.72582490704428	91.49253279945577	83.80959097001676	84.84554249353437	100.10096791965852	75.75757892389194	47.88712438052759	25.906
i3_02_kondor_m21.wav	u:	920	1.021	140.27680429103896	424.576	1037.167	2644.619	105.41876802204669	104.70475038589557	89.55846798428672	102.89496968000483	91.94823751358663	102.52504961846317	68.6635495808588	46.83454296266304	18.68
i3_02_kondor_m21.wav	i:	921	1.869	161.47466351345483	446.714	2526.821	3012.472	107.01585075889459	99.4974722073583	89.87356259672303	89.94779662048111	98.3133639264831	92.48200238744772	78.96511425751294	61.68846047824083	12.141
i3_02_kondor_m21.wav	a:	922	2.142	124.1520112449576	948.139	1642.136	2429.328	103.49262393141862	101.65682487914393	95.13340288477701	83.7185170879738	93.92704779181355	86.65338306945378	92.08560658001144	72.96147813811676	25.484
i3_03_kuh_m21.wav	u:	923	1.378	144.85628740025396	348.961	2196.247	3113.911	102.99369371248562	96.0262439388525	79.05158841578154	95.08329627753153	88.02731125110884	81.55592880791377	69.0130512788056	64.37874111670796	18.225
i3_03_kuh_m21.wav	i:	924	2.362	128.20637883799634	284.57	2022.604	2358.663	105.15139602194797	109.95249633412337	93.4176948094881	110.20658204852417	114.90690764018713	106.43668527330709	95.37377348609743	45.572394108337804	22.001
i3_03_kuh_m21.wav	a:	925	2.832	119.4470176293029	607.199	1180.702	2533.241	101.33118830015454	102.0440496054246	97.41299189444777	86.40942339719331	92.50502735930294	105.1429599588731	78.35993491426328	64.61909086350211	27.283
i3_04_industriebackofen_m21.wav	u:	926	1.146	123.45807547930619	371.015	2298.145	3024.504	97.46946845817973	96.85767085744692	88.69199523842096	93.20381004137087	71.24486819606237	66.6029917837979	53.296304224517066	36.45891681306626	18.081
i3_04_industriebackofen_m21.wav	i:	927	2.063	131.1646031198613	393.457	2416.67	2615.487	102.1184542987395	104.65603684811532	97.62323704459158	94.3386969829092	96.27902043960239	88.19917560508792	89.0113129096116	44.8056837998348	22.439
i3_04_industriebackofen_m21.wav	a:	928	2.583	51.6959686660148	709.624	1344.865	2252.622	68.84063158690563	91.7211939565111	91.6474725886122	63.66493489386336	81.71402227753488	68.60608381377828	70.35457879041397	43.78221084486066	23.995
i3_05_kaninchen_m21.wav	u:	929	1.07	161.55226241120138	540.397	1396.506	2891.413	87.40981815318926	79.30656140609284	57.20102525859262	74.66339339571361	72.4265116516205	83.35010452093672	62.848361012186764	51.765976818260455	2.239
i3_05_kaninchen_m21.wav	i:	930	2.055	174.80581551995343	349.662	2501.41	2911.174	105.39277075501877	95.14972008036297	99.80575008547751	95.15028717639903	91.71339273735546	80.30701557215384	88.60673861463451	70.27541956041473	20.21
i3_05_kaninchen_m21.wav	a:	931	2.428	170.60354421717335	918.393	1690.319	2590.92	104.3480396808404	101.59049231940267	106.34603689667262	97.61131258659819	99.27762923907262	96.03219894713021	109.94873460546776	87.18493642798944	28.544
i3_06_drucker_m21.wav	u:	932	1.147	58.12687807209744	400.238	1550.222	2328.414	77.32077907816728	96.11918126881451	95.12513314165746	92.90256233352146	83.437977807583	84.60265758908419	56.30976015152968	59.47815130983727	5.5
i3_06_drucker_m21.wav	i:	933	1.901	124.60380541871666	376.208	2349.449	2752.216	100.88166950608647	100.98336204772832	94.89860854013712	78.51625065500335	107.26139582845965	99.07510987437603	80.57973609183988	46.52287043553873	30.256
i3_06_drucker_m21.wav	a:	934	2.298	121.21126122630223	766.885	1421.957	2281.815	99.7264318724265	97.1090626521623	89.16928335810168	84.54265437767123	84.01456029946826	83.32793793644439	77.26112162627126	49.83411645748308	25.856
i3_07_violine_m21.wav	u:	935	1.044	191.18715881982726	422.111	1246.507	2972.943	107.06389230130105	92.96722012948345	93.59157536055733	92.52640414337789	94.70973724562688	90.43415657573806	63.40273973157486	52.711465097741915	14.728
i3_07_violine_m21.wav	i:	936	1.985	173.5839349718444	365.957	2477.632	3039.11	105.84450451646205	97.6446648458033	91.03939822172487	97.74849801990221	91.50190327716302	94.68251840579656	68.12599992140943	64.34426667475316	4.582
i3_07_violine_m21.wav	a:	937	2.556	173.43254859555847	841.625	1722.999	2539.869	103.23719901874101	96.68692750682634	89.05508590552735	85.9839641334947	70.84706329221484	79.42756324081438	85.97438107777201	70.2194973430639	21.454
i3_08_dompfaff_m21.wav	u:	938	0.941	347.11570075969365	411.309	1175.993	2809.775	108.99656900525355	105.43644781399303	100.65581163471288	100.8983114804536	91.65393367551923	101.64881690763752	87.2092391289806	54.9653499978648	18.077
i3_08_dompfaff_m21.wav	i:	939	1.88	350.5195538568666	352.77	2416.305	2754.731	107.85476094203534	91.88401228134248	83.48240928163811	107.87560246355417	118.97637927894469	100.77552526283344	84.8754848652049	68.02434897121341	11.414
i3_08_dompfaff_m21.wav	a:	940	2.392	309.28797483196973	1022.041	1706.689	2689.597	103.78955437129666	83.79084699381349	59.64638666746316	54.78383474407921	73.87305934230329	85.23792869065258	88.88720703399984	57.36988581582494	14.969
i3_09_krokodil_m21.wav	u:	941	1.107	123.84352354143356	402.271	880.624	2782.08	98.25168781942132	97.85573158610964	91.19412820331075	93.93857229231321	79.46023134231389	93.88076482866393	50.47959329541538	44.68468087641199	19.739
i3_09_krokodil_m21.wav	i:	942	1.925	128.10477749433295	359.162	2462.515	2519.047	101.45619289045094	99.34996704967628	88.24329404405213	96.94249310707924	100.57439643421768	90.05232558649871	74.54335422519276	60.4385807123204	21.689
i3_09_krokodil_m21.wav	a:	943	2.381	111.33930995427428	872.06	1441.85	2137.911	101.23712661047763	99.02534650474425	95.23222903539775	91.18758843948501	93.08569253467797	89.91463243624243	92.85701655780208	65.82379724926906	29.749
i3_10_kleinerbagger_m21.wav	u:	944	1.226	135.3744969913197	368.58	930.875	2615.012	99.21689730583472	98.7831099911908	90.87122994566423	99.22240024986363	88.07676234242028	110.46289546464443	70.76283238966676	73.78111419425701	18.081
i3_10_kleinerbagger_m21.wav	i:	945	1.981	129.96383895895224	415.096	2469.789	2768.73	101.1211177350756	101.76574697715496	90.5140352567785	82.81543647254915	91.6210327667161	85.79087659522605	87.3914706616643	49.91008787653299	22.174
i3_10_kleinerbagger_m21.wav	a:	946	2.364	105.9863865497556	731.388	1508.85	2266.278	95.56768893054247	95.55594054969805	88.66465940721517	75.35730501745641	79.14126933454408	79.13854221063477	80.99467591622061	44.608090833999384	19.693
i3_11_schildkroete_m21.wav	u:	947	1.139	55.92587350896254	826.149	2434.395	3309.375	86.68696638561387	97.43945237555126	99.17329316423286	81.59931423870573	80.31119556019367	92.53103477222258	66.83702116916804	42.22641203209383	6.178
i3_11_schildkroete_m21.wav	i:	948	2.307	55.953790969686445	291.607	2212.849	2397.548	83.67833350416973	100.3216270090538	101.06329595487679	102.90590124695183	95.82411892386224	82.65188627348758	69.33298603791995	43.032004872686	26.68
i3_11_schildkroete_m21.wav	a:	949	2.941	105.19990754398341	670.434	1205.866	2275.829	95.77797030471623	96.56930993025979	91.77679094377929	78.7497241226134	85.29124199340858	85.92452120439758	64.89951929572098	43.51731355652409	26.78
i3_12_suv_m21.wav	u:	950	1.155	140.97542572657986	368.817	967.258	2401.801	101.59300962644777	96.48755223944784	76.91404303336303	94.91066168903482	72.35867281922287	101.71382978966253	69.83344753999953	52.60363194776701	16.401
i3_12_suv_m21.wav	i:	951	1.738	113.95719322539769	330.43	2052.092	2359.076	99.17319447245099	91.81019004050009	86.09737683173302	90.46109812733852	87.30926996932065	87.05325174681286	82.00870184421326	52.86773504222195	19.88
i3_12_suv_m21.wav	a:	952	2.173	110.80066244294608	729.469	1225.822	2483.544	101.26698244444567	99.7387396628339	91.54875260132377	84.76176675770142	79.31091753865525	90.71595461516215	71.36324025869126	54.570874233359355	24.577
j1_01_jumbojet_w21.wav	u:	953	1.886	240.34389579356102	290.168	2246.915	3327.213	102.40369819826725	100.1624618134013	96.91007210465814	95.23943318160815	98.69742471351944	99.6235216685381	76.22060897993043	73.15997752282891	9.947
j1_01_jumbojet_w21.wav	i:	954	3.075	222.7048829611048	243.785	2304.187	3588.447	93.29342149867509	97.45074834110287	86.64800216639293	88.23559372401989	101.57597934771711	112.7021645464706	73.59135541321068	71.86816871383967	10.112
j1_01_jumbojet_w21.wav	a:	955	3.993	218.95114761770145	824.537	1308.977	2531.732	108.33988399512572	106.17789168694733	91.23345190790072	81.74557463331274	97.0205179238324	96.84816059020707	83.14985863653065	60.03431848591929	24.432
j1_02_bodentrommel_w21.wav	u:	956	1.287	228.98532949090443	355.404	1550.765	2879.641	105.38634613638177	97.10511605770083	84.5559258435762	82.10875059633463	74.92640436259477	90.76153003498553	63.359640577926925	52.33509966285717	8.689
j1_02_bodentrommel_w21.wav	i:	957	2.878	231.93362975193872	247.73	2232.627	3400.911	94.95114757720984	87.80089497417933	77.95245943675037	94.40546359829622	79.54653783578365	104.01544826280647	67.92747311942132	66.69903698081026	9.364
j1_02_bodentrommel_w21.wav	a:	958	4.479	224.15498892615705	854.826	1338.358	2628.822	107.5874580532771	107.24158415055953	106.32746842202008	106.66508402889124	95.55517738386638	99.4236282202023	85.99793861238345	61.78155006279297	25.15
j1_03_storch_w21.wav	u:	959	1.331	247.3751159360169	255.512	1479.27	2554.805	95.55304458481194	84.60164762841389	77.8927731122458	95.48794107248565	82.6859509651743	78.95765451365344	59.926899526628105	51.17992156168296	-2.012
j1_03_storch_w21.wav	i:	960	2.93	245.18397296010392	249.941	1443.596	2453.942	97.30811067994466	100.59781644337795	90.34313175809334	96.75365015677416	92.00083081985008	113.49863313836559	71.16378664239153	74.38092154789472	21.995
j1_03_storch_w21.wav	a:	961	3.921	218.92446176243772	831.423	1382.429	2674.255	107.22749687017765	102.02110759207748	75.95222514838682	78.18671772723872	76.13080564981567	85.44826978157772	91.46074574102151	57.482874262297756	20.162
j1_04_aeffchen_w21.wav	u:	962	1.115	266.1422361323011	288.973	2451.367	3009.472	99.96567502666406	99.54693329790337	94.43178422050282	99.14938746206727	76.03487825901877	68.45113806130618	58.034171223881536	50.62573266836891	11.023
j1_04_aeffchen_w21.wav	i:	963	2.289	235.6359225234269	250.83	2494.328	3806.734	109.41001517950406	96.79913171797897	78.25669465425099	109.59987634826993	91.6429873815163	96.39902043389486	54.438490786596844	56.303290418289066	4.347
j1_04_aeffchen_w21.wav	a:	964	3.169	259.7779194594607	834.586	1375.777	2617.836	110.67182707003437	103.64768949909788	75.40709098991157	83.54902571064036	78.0968369597951	96.02521961742404	86.72130665822598	53.3330294219605	16.397
j1_05_handtrommel_w21.wav	u:	965	1.253	268.6018038550679	348.063	2121.751	3248.654	106.6334825933879	103.03838317430817	81.68919973286084	98.04968384436079	68.59570328374504	88.78418463400388	66.76635487472885	56.911835799262704	7.146
j1_05_handtrommel_w21.wav	i:	966	2.975	248.40000317224013	261.373	2259.668	3410.616	107.67859648165037	99.62133282696094	87.42349099346981	107.72221837230116	91.75187019951457	101.79636761500335	74.24582095922082	57.08208464020183	14.979
j1_05_handtrommel_w21.wav	a:	967	4.142	250.31194024706892	840.79	1328	2587.036	113.16824848266675	110.72754480259752	91.85376726952775	100.20111472289392	96.59027999757211	101.52867208337547	95.07409380150017	71.8528998636996	14.741
j1_06_kleinwagen_w21.wav	u:	968	1.294	235.188729796815	370.593	2353.837	3394.748	106.06383417321057	98.65297316027315	85.20430483377697	83.84965246327772	71.83136175951961	75.11567665821403	59.348675816104326	51.39186559938875	12.361
j1_06_kleinwagen_w21.wav	i:	969	3.441	192.99167842057835	322.371	2201.747	3287.672	107.74867687028225	96.45267962952664	71.65500948902796	95.84931810755205	73.09438482115063	89.55057652229107	61.75785335717626	59.64887643972679	18.005
j1_06_kleinwagen_w21.wav	a:	970	4.469	252.00798107024156	888.595	1264.874	2646.571	111.72588858917722	110.05662840479494	86.21332125657631	91.06418571383956	95.34299363577924	93.33759955084659	89.84461933244333	64.39799573509987	13.737
j1_07_wanduhr_w21.wav	u:	971	1.689	321.53084330837993	452.539	1036.684	2712.605	113.99188041031657	107.38984277414244	101.0733152613615	90.23889374602527	84.34980539423242	106.24954167368128	74.037162315579	54.86535738423504	15.76
j1_07_wanduhr_w21.wav	i:	972	4.194	289.996533388865	323.906	1215	2482.367	94.44051455901946	90.76658388531055	78.16046992140508	88.04732907545971	78.76273227582745	109.43420593083542	74.26757426206487	70.07907477582015	16.4
j1_08_baer_w21.wav	i:	973	2.624	233.10855692788235	221.22	2213.175	3247.674	99.79932431781616	108.22584899515734	104.04270979626966	95.45147219784607	97.51244423527885	107.53193432330976	66.8673332535054	51.019966831207526	16.553
j1_08_baer_w21.wav	a:	974	3.494	238.9054264429074	722.15	1131.996	2570.587	112.18076053573432	105.91818048747581	103.19345647076317	86.19438870470361	102.11323386759406	86.59011058607003	82.23015772503699	67.92024608213191	20.548
j1_09_backofen_w21.wav	u:	975	1.308	270.75604365722603	277.94	2448.862	3647.114	101.26722297587992	102.69832035594436	95.318731059902	101.295698811376	96.09183657385282	103.54801378611124	72.13589046554613	65.23128770935489	13.504
j1_09_backofen_w21.wav	i:	976	2.562	241.11495147721496	270.97	2222.323	3462.503	98.27709207669636	97.74126989488758	75.23512148872727	94.11401804107034	87.02678314496431	98.88306483242773	63.63094137381911	61.03321440397205	12.171
j1_09_backofen_w21.wav	a:	977	3.418	213.5678388515137	837.421	1284.585	2599.82	104.38004345700024	103.65785317310164	103.54561912107658	103.70218653764684	96.13028577655835	105.40377731901407	75.52035068187483	66.82057834695456	22.23
j1_10_anakonda_w21.wav	u:	978	1.928	332.098057807715	340	2596.375	3288.45	102.18058130386117	114.59842872860469	84.74510059007764	101.58290717251576	77.16911142990743	60.281384397042316	64.23026687170902	51.4847965568581	13.29
j1_10_anakonda_w21.wav	i:	979	3.685	323.42808162887206	1182.818	2567.811	3717.798	113.76379514441795	85.51858159869144	69.34929834321568	78.41529648142144	80.57214052463863	72.90583239816921	71.46640252149628	67.70157698765155	12.45
j1_10_anakonda_w21.wav	a:	980	4.468	230.66333437686947	797.079	1276.335	2698.676	105.55337555650458	105.74927863058727	83.21292915805803	93.40729293225922	83.11336388955873	101.97097209698512	82.60134470976374	55.10650235996165	26.253
j1_11_gecko_w21.wav	i:	981	2.267	303.28320139696314	306.015	970.463	2646.564	111.40983841160201	83.64894079063605	76.5275656815754	111.42951760968751	91.7518746815527	97.37445574832338	55.9881109560185	56.2116452360749	10.086
j1_11_gecko_w21.wav	a:	982	2.928	264.2072578794464	912.063	1285.5	2542.915	101.94602088790052	88.60661447834204	51.34090170159381	51.90798055082172	57.07458289296849	75.74808500468896	70.67136677221345	54.86659922289212	17.058
j1_12_blaumeise_w21.wav	u:	983	1.275	271.41329069914724	280.786	1535.928	2444.814	95.43646300873206	88.27287278960667	90.38395163520168	95.18923981463408	92.9081361774204	99.60823519418543	68.23086605211309	71.77256895943658	1.771
j1_12_blaumeise_w21.wav	i:	984	2.777	288.6507895061916	291.056	1274.515	2586.545	101.89868246096754	90.34865576354927	83.29028742277143	101.9119612472275	84.6011280539887	108.3861486868991	62.54158038742831	73.04805528117951	12.826
j1_12_blaumeise_w21.wav	a:	985	3.748	238.1377881159171	899.317	1405.886	2604.37	109.31982743212808	103.89122264152451	88.9527349489795	77.41701000916566	96.77528213687935	100.82392799451983	83.86342020583862	57.0851666732461	17.516
j2_01_industriebackofen_w20.wav	u:	986	2.386	243.38312137978838	378.476	1529.893	2699.273	106.8125453370154	98.07598367709505	93.74680933037243	77.09408276847918	87.38082561051885	92.77368884425807	69.82718609528324	55.25752290762159	16.296
j2_01_industriebackofen_w20.wav	i:	987	4.333	221.05316530331143	235.166	1701.911	2766.236	105.87928433888493	102.52569489316882	94.61791571334845	105.6378343323122	90.79434243202493	109.05163907740166	65.96812688504887	72.67225777548501	12.036
j2_01_industriebackofen_w20.wav	a:	988	5.467	174.55022809690672	924.596	1358.879	2517.406	110.60870564693658	107.15502047960005	102.44599188911731	97.17079370944163	101.89013654983431	106.40672050965512	78.82647269584821	64.01152761309571	25.529
j2_02_spatz_w20.wav	u:	989	2.244	326.07930120690503	342.324	2139.574	3987.198	112.24669671440373	108.86797326475156	103.28378846032298	112.15824641766582	92.45049412905749	108.73746960230403	77.81316412355986	66.23934247775838	14.88
j2_02_spatz_w20.wav	i:	990	4.079	261.4014721575101	313.548	1297.857	2929.49	101.13631940005307	94.53639794729217	83.80768386014087	87.79079660700637	84.96271498295943	117.69308841902722	70.79203263922513	75.12232545399387	11.351
j2_02_spatz_w20.wav	a:	991	5.094	223.63483166575136	901.953	1499.134	2680.508	112.82705778782716	111.65656800264912	85.74466487769989	88.37509309035008	84.96841132445817	94.26214562791228	85.68221948383794	78.22491869521198	16.076
j2_03_schildkroete_w20.wav	u:	992	3.575	223.50112736261406	302.567	1092.282	2716.24	103.11975504071938	100.34894873334137	95.92037001535559	93.93449835754873	84.91110960465235	94.68152339615864	56.97228528514043	55.274795761823476	11.668
j2_03_schildkroete_w20.wav	i:	993	6.672	246.5480408717144	273.45	2728.454	3374.972	115.85753045756573	99.11144165787428	75.08881901271323	116.11849374875362	108.46962117878309	103.86682368843611	64.9917742472224	75.67188024746268	19.101
j2_03_schildkroete_w20.wav	a:	994	8.304	180.58879996790688	868.972	1226.793	2541.909	107.02392635313169	103.30030026690874	83.67322864526788	81.48244101971463	62.122554392915596	72.18703501287784	71.26050592291348	68.65443561266203	19.774
j2_04_kirchenglocke_w20.wav	u:	995	3.037	260.3992747657111	324.383	2096.391	3465.959	102.6460285988819	104.07869375838709	102.33524692899897	94.8917741336175	77.48943719537675	88.87235127778703	65.736466620247	52.92409717299022	12.986
j2_04_kirchenglocke_w20.wav	i:	996	5.911	275.92803119761373	291.591	2830.931	3542.571	92.19720903411822	97.03335253544138	86.39386267181517	88.43455059915013	97.88414063602097	88.10618621442086	72.22882426129543	69.28211775503127	18.87
j2_04_kirchenglocke_w20.wav	a:	997	7.265	247.78350565845142	997.793	1918.57	2682.143	107.51536293739059	101.74450054941357	78.38442845433269	85.30701645966798	85.05145464294426	73.86715598510416	82.87743821860872	65.15210746628539	17.21
j2_05_komodowaran_w20.wav	u:	998	2.284	198.640361166	314.046	1059.39	2632.298	112.34565151706812	107.80129983168538	101.76653403781833	97.37353551551331	107.30264936831313	92.40252499436657	66.41079282895491	60.37116682692958	14.203
j2_05_komodowaran_w20.wav	i:	999	4.518	242.9661770464156	258.716	1394.516	2919.993	104.93213022593497	106.35622340934356	96.6572354577988	103.42227734297487	97.51213238331732	128.15225639171058	69.86872006719169	77.26782237810221	20.645
j2_05_komodowaran_w20.wav	a:	1000	5.645	178.16089324843415	901.648	1411.083	2475.166	112.10628604556496	106.53215992922122	100.14032382712864	92.05995242236125	82.21687987942379	80.31429090924877	79.96841603063457	61.536988877454135	18.431
j2_06_armbanduhr_w20.wav	u:	1001	2.745	221.027804676666	312.876	888.574	2685.159	110.25570795779788	107.02414253737717	104.49037044708908	98.32081490403266	104.60750516775826	100.06616218368717	60.0909985261371	56.59569981297154	18.413
j2_06_armbanduhr_w20.wav	i:	1002	5.684	239.7726879983744	298.97	2870.163	3572.33	114.88537263973805	102.43750760590575	81.55153169669131	114.99696769327016	103.26326907267877	99.94664103424432	64.33814613647743	80.16265194741246	19.716
j2_06_armbanduhr_w20.wav	a:	1003	7.055	193.72043255523394	789.157	1185.728	2599.845	108.0934880700054	102.13109013785892	85.81088580442919	85.79488985724694	79.40622374397657	84.12878843031947	71.24056139015286	62.305687858749934	21.8
j2_07_grosserbagger_w20.wav	u:	1004	2.39	235.2265650736001	308.547	1201.361	2539.347	110.0679894254348	106.89464674651413	103.70555761543042	97.1948107073929	94.59048376666414	98.51415849233697	70.68915709579355	52.636549719732514	14.821
j2_07_grosserbagger_w20.wav	i:	1005	4.212	182.2672128890924	256.767	2798.306	3404.411	113.3710773918987	111.13898877285544	90.93206498360426	106.3458253162047	113.06249255122614	122.92519464264588	75.39353474161261	84.22527084020098	2.123
j2_07_grosserbagger_w20.wav	a:	1006	5.193	147.50926294501238	860.949	1290.949	3217.486	103.60657134224672	95.96411267479468	90.84049489244707	66.11353356526794	66.44420106885059	56.544219455873304	63.8876420423065	53.62334166950899	17.601
j2_08_kleinerbagger_w20.wav	u:	1007	1.858	239.90933592516427	317.629	938.202	2655.539	103.87529750206059	101.99841240095921	98.15846458271605	90.44788586863204	97.62000471762587	88.17920762466903	57.442418570163206	49.122373776003954	13.637
j2_08_kleinerbagger_w20.wav	i:	1008	3.39	247.59207541998555	259.963	2842.548	3590.703	111.8792345786524	91.40679437787249	73.18892581849379	111.94100696381588	80.78279801207887	86.06835186912768	59.85576340315088	66.80774213953508	16.666
j2_08_kleinerbagger_w20.wav	a:	1009	4.398	181.73935236289958	897.24	1282.002	2555.855	107.7591078800922	102.93336587658678	94.89601539789174	94.1429332794289	88.04490578340548	96.72130758455114	78.54528093962803	57.86697002480692	22.83
j2_09_elefant_w20.wav	u:	1010	1.699	199.5502909664436	334.553	1123.89	2667.621	111.15355084550592	104.00649622875764	97.45183852000693	96.40011409094538	98.86819120843856	95.05968886531124	67.0112823945592	49.03033528202509	16.974
j2_09_elefant_w20.wav	i:	1011	3.555	197.54917626338693	247.155	2716.422	3199.457	107.67866719819136	103.17414202204311	89.10093525666039	106.02066062627361	119.17949949632964	116.98605685251565	70.78582352733372	83.49308536990478	2.301
j2_09_elefant_w20.wav	a:	1012	4.837	175.65611201270195	861.099	1277.196	2461.24	109.44019478969072	103.15244669496167	88.22900333833806	75.97946341668657	76.78225378884339	67.73617584688026	66.16042112762918	61.88278654946009	22.566
j2_10_kondor_w20.wav	u:	1013	1.686	271.21227068552327	345.519	1732.048	3011.15	108.41606291780246	104.60449882890303	97.17229443269764	101.71313137622926	92.01347119161645	101.61919790801039	69.88197465814093	62.390343485821866	17.386
j2_10_kondor_w20.wav	i:	1014	3.449	256.9925831806941	276.461	1911.597	2806.693	111.9918248724221	109.04479177474792	96.09987986806803	111.6852152655857	83.95762935025958	104.5335279018297	59.512179478390905	70.81474171009974	15.924
j2_10_kondor_w20.wav	a:	1015	4.164	189.99928460343548	925.087	1534.843	2727.487	106.14651647884898	102.71838199804213	87.3962261745301	79.03811387162914	82.03880635081217	85.10113367447154	68.39070342646062	52.35818869639088	24.713
j2_11_igel_w20.wav	u:	1016	1.663	305.2323308353282	315.162	1770.011	3475.758	106.77976614824192	99.57893027423256	102.61197010390691	106.78487084923435	67.70647044847311	74.66691531387121	64.6675496433908	49.87659637185061	13.154
j2_11_igel_w20.wav	i:	1017	3.245	266.50777228179857	305.233	2879.61	3722.75	92.47049075957794	85.0768271308708	80.30765519729559	78.61940281658416	98.17767428906389	102.6274843730613	68.28828450883448	78.05082974498845	1.791
j2_11_igel_w20.wav	a:	1018	4.343	221.93330277185527	918.019	1497.652	2974.928	108.37053100276734	102.28788497383943	95.3620677912263	95.18788463804668	88.82008046930788	99.60932115392454	88.69122503708888	76.66815497024162	23.837
j2_12_gloeckchen_w20.wav	u:	1019	2.254	329.5943311628019	372.319	1754.259	3216.693	105.21844863495994	89.4319480046521	102.69300959418646	102.32470319454326	82.69132151500214	98.10495423515812	75.5471231612829	71.6134393743669	13.956
j2_12_gloeckchen_w20.wav	i:	1020	4.003	296.9646987777823	306.338	986.583	2964.248	88.55913468623359	91.98709255597382	85.97955914644334	86.43657615214205	98.68688351328711	118.06019179610495	59.27892958145512	65.34249923451482	17.421
j2_12_gloeckchen_w20.wav	a:	1021	5.217	235.21211349454953	891.207	1357.44	2573.61	105.85928104585393	101.14297354094496	70.83002741373184	73.12411153927204	75.2789691318264	69.91116139428325	77.34548146299586	67.80472675787038	21.643
j3_01_drucker_w21.wav	u:	1022	2.21	283.78482790757676	369.313	970.26	2346.29	87.00460772377825	71.64293722562113	82.99472555172224	84.11680764828166	67.78155158798891	86.4215345156919	61.60854956345703	50.088794223097466	0.322
j3_01_drucker_w21.wav	i:	1023	4.309	230.43911870293778	423.205	2249.994	3271.051	112.0539793264854	108.65481049326209	92.8238500333255	108.195818632629	110.98029423478582	103.24022853214422	83.92397091258657	75.31035273847776	16.38
j3_01_drucker_w21.wav	a:	1024	5.333	221.27285674114876	859.099	1479.412	3060.971	110.11551589417846	105.0777600234755	100.07396616824883	99.73052022057632	91.14879286659371	79.56123527782485	89.76522354531929	60.86353194429937	17.374
j3_02_kaninchen_w21.wav	u:	1025	0.808	562.1891058131896	570.778	1170.761	2402.958	82.29210402150338	91.58291947772788	110.16687740540173	81.17607397733448	91.40184763915809	99.23069100221598	78.85731395927714	67.63734288637755	9.121
j3_02_kaninchen_w21.wav	i:	1026	1.653	369.8041736651304	381.185	1282.91	2781.901	91.82982102001176	89.34543625602636	84.32443505591615	91.40928017107899	83.5219815279344	100.16739468043758	60.49119334692658	59.447239817734655	10.575
j3_02_kaninchen_w21.wav	a:	1027	2.454	297.3288763822428	830.486	1848.026	3192.173	101.33244221494134	98.61487280764541	97.01214440673346	95.01427107884537	94.70378114256607	91.52141823240134	102.11093959221606	56.55760693858494	19.136
j3_03_suv_w21.wav	u:	1028	1.906	211.44085238441406	311.74	2392.627	3616.79	111.22487559176635	112.29820608015454	108.1153100675732	90.12817228676658	80.59977202514067	85.30229753728942	71.32585877074473	54.865716917838185	13.598
j3_03_suv_w21.wav	i:	1029	3.69	185.40148384722264	265.686	2575.536	2995.602	104.50943841415162	100.7562975445225	72.291222561354	94.98142722380743	112.77041777351329	94.666190837172	71.16683481705459	75.53363429682375	-0.034
j3_03_suv_w21.wav	a:	1030	5.252	177.2002162292032	782.086	1224.724	2820.845	105.93632035763062	99.51469547455756	97.73865043770408	96.90410551437814	85.87425660183473	92.9116815067238	67.54178822592321	53.09199802578629	17.52
j3_04_dompfaff_w21.wav	u:	1031	0.724	271.3722026543455	294.365	1408.694	2215.119	107.64819546564956	92.49021841979564	96.64809078642763	107.79381667220753	102.3900975788882	98.28622060261003	79.58730047544267	66.75339062014433	6.766
j3_04_dompfaff_w21.wav	i:	1032	2.57	334.90533146579014	329.42	2049.838	2570.165	113.19771927873879	87.24408691112528	87.72598016426151	113.13350147177775	84.17743344841371	89.10788291930908	71.65523752618466	69.62704660871428	12.314
j3_04_dompfaff_w21.wav	a:	1033	3.652	324.72605793772254	827.424	1605.691	3113.305	100.39269145065964	89.34830013020499	77.0102315859434	90.45034700218501	84.78958218760123	71.64392157762092	85.34546137810445	62.03986141501406	14.39
j3_05_blindschleiche_w21.wav	u:	1034	1.051	195.9862071588989	1093.268	2235.661	3521.593	99.76134656720964	97.68922960002531	60.97075970993677	64.98725995811762	44.50886557656595	43.540993390123944	56.01562618524155	46.395223556813015	0.873
j3_05_blindschleiche_w21.wav	i:	1035	2.89	203.72324048351754	219.603	1827.533	2810.69	106.10915631042192	99.58168934824724	85.95119083783935	106.12192095762899	84.5580708001155	88.81657360821593	66.08813324063694	79.5375479260421	-0.154
j3_05_blindschleiche_w21.wav	a:	1036	4.081	200.26013138895476	922.177	1763.775	2954.315	104.77848100292822	100.29328326498776	97.23523578330543	93.61993033987308	93.40709330718707	93.90343773577035	88.57039152060636	59.500390150294365	17.065
j3_06_kuh_w21.wav	u:	1037	1.938	189.5914760558914	314.244	985.867	2476.926	102.95604279150035	95.82572992200608	91.6127107693091	91.6365260745844	87.5254569925003	96.97569656281769	61.852579230109555	51.61866957674518	12.385
j3_06_kuh_w21.wav	i:	1038	3.162	193.9005455109245	297.952	2365.987	3204.92	105.07789676596657	104.45134511287682	89.92340888846303	84.18069180478908	86.36522316264028	94.40807555539143	74.25484676974611	67.24934145312508	17.974
j3_06_kuh_w21.wav	a:	1039	4.467	188.6301344671707	876.059	1332.477	2911.146	106.03270426077314	104.3775636375576	106.25029334209594	105.66316187021845	93.41568694676273	88.45622846380122	76.44177481092923	57.2135877686531	21.373
j3_07_kontrabass_w21.wav	u:	1040	1.695	235.59329526105057	328.616	963.525	2451.435	106.40586867100231	99.94451305000561	79.99785014585933	95.32647492354499	80.25475508818246	107.19498771008325	77.45245864162406	70.94897890512839	14.081
j3_07_kontrabass_w21.wav	i:	1041	3.093	188.83363739758374	374.38	2327.09	2964.915	107.85411692112694	95.54544000728764	86.45876983841944	95.47498526741344	82.34557103536721	88.67529459936878	84.73975736901696	66.68075057482271	12.856
j3_07_kontrabass_w21.wav	a:	1042	4.507	174.04572389463695	811.816	1157.7	2713.612	105.79055440708065	103.12762801421871	105.35211522472927	105.38171967225823	106.3099007228335	101.39624831934364	73.69814727509437	42.16076553062953	22.139
j3_08_krokodil_w21.wav	u:	1043	0.833	278.49685593509633	998.504	2238.369	3240.283	120.71581276074957	111.15344524574633	101.81284777711004	101.94741557294506	68.98640392486834	79.6037065359346	82.14003250582293	62.97467047404233	10.203
j3_08_krokodil_w21.wav	i:	1044	2.755	264.97261595390546	288.382	2462.733	3380.546	119.2611102106945	111.69735029135282	100.03849355460397	119.17486786618073	111.16057408917482	102.31831331533901	72.18192545662274	63.194588155188214	16.488
j3_08_krokodil_w21.wav	a:	1045	3.921	188.58950956538158	892.809	1551.162	2692.828	103.88711323976203	94.56819432860289	87.49679138182312	85.43122015044432	85.9432043760284	89.37025649226453	77.44065073271054	44.58015503352486	21.687
j3_09_buerodrucker_w21.wav	u:	1046	1.772	241.46447354143817	437.792	1172.817	3082.795	112.96865705735746	96.71723848665488	93.37459143333908	93.20547732396874	87.50968338935218	103.07243022890225	74.00710614226963	70.88849157901862	13.588
j3_09_buerodrucker_w21.wav	i:	1047	4.289	231.02224994027966	322.395	2307.373	3001.896	116.71566974050992	107.4232145264687	82.29006491121103	112.15681422935097	98.13434740642028	96.41204693528134	81.1227396033943	67.23689906388307	21.233
j3_09_buerodrucker_w21.wav	a:	1048	5.463	217.23106996547708	783.535	1276.271	2416.308	108.74559822679988	112.96003143260779	97.80405657694091	103.6296559228875	95.35711673935543	93.67065312163803	83.66477882159195	60.88698415074485	15.577
j3_10_kleinflugzeug_w21.wav	u:	1049	2.064	296.679841969349	333.124	2242.054	2877.808	103.94371721345189	104.62779649731971	103.98633795031971	101.76058588250027	86.58463029248713	71.94220369633715	73.16387148920145	62.772568717791124	10.046
j3_10_kleinflugzeug_w21.wav	i:	1050	3.076	243.57765265344423	303.601	2407.637	3451.204	114.28649697193276	103.29995342755743	86.96335045853671	114.77314752981178	105.3057581768548	108.86230158704598	77.69053511962147	58.391864702590055	16.991
j3_10_kleinflugzeug_w21.wav	a:	1051	3.685	179.0874902632612	856.053	1388.649	2750.801	100.40241084242203	98.78782946530657	97.89095471700918	99.52507632008079	92.28209918603409	89.05493722904684	68.92835077601048	50.665103507848286	22.74
j3_11_violine_w21.wav	u:	1052	1.745	316.2935728617242	340.218	912.237	2477.128	96.88930360823193	94.5621055018087	100.83765976557234	96.72923976619235	88.34925782826869	106.90973395830403	60.51438523165445	50.379951999697255	11.25
j3_11_violine_w21.wav	i:	1053	3.22	269.2995419955797	301.904	2410.584	2999.553	105.30753700106763	99.57639320591173	84.52778069570107	105.1974744205144	110.35905956831273	98.59426779583636	76.7778689292527	50.526987430890316	12.015
j3_11_violine_w21.wav	a:	1054	4.368	266.684301582176	835.254	1317.072	2976.075	110.27498903617114	105.85007092113023	105.37136784662027	109.85533019703831	101.20023213837608	105.87862447309264	77.56476679715368	53.84892837244045	17.583
j3_12_harpyie_w21.wav	u:	1055	1.045	246.40709710817927	340.527	1135.042	2427.123	108.98993953940044	101.56945768553553	82.62851178946505	102.24699468738466	82.14646467746026	98.4739560344797	76.58777180881992	76.51754998405372	11.497
j3_12_harpyie_w21.wav	i:	1056	1.894	273.6410808381755	284.422	1948.963	2530.422	98.83716228658761	102.99816541080514	99.8341789647834	97.4498769977991	110.38813703452432	110.87234509341242	81.94333498018148	69.92346311690876	14.321
j3_12_harpyie_w21.wav	a:	1057	2.586	209.26866410090972	849.129	1487.247	2826.662	104.85150170407229	103.4833983019775	98.88557035069542	98.80345510044569	84.30082500371176	80.89373598336732	78.32642781302621	57.86890170447316	19.203
k1_01_igel_w22.wav	u:	1058	1.394	221.0899140301164	388.278	1473.069	2703.098	105.28501488026785	98.17276893177048	94.10605333588282	91.43093151861744	94.0438706565293	100.50709517329202	75.44522069594757	71.34744229697995	17.418
k1_01_igel_w22.wav	a:	1059	2.578	224.01778763962488	791.902	1774.49	2657.157	112.63235288583445	107.64703064150059	110.11483754438206	111.76703984363864	100.07225153893951	100.71997456951362	107.79687118653321	69.55793948134352	21.291
k1_02_spatz_w22.wav	u:	1060	0.609	302.9661289498527	542.771	1409.444	3082.117	107.23904765286991	92.62950016411567	93.33111307610656	87.72169927062717	96.98979639932818	88.48281163105446	70.15842988076267	58.19795587218301	19.603
k1_02_spatz_w22.wav	i:	1061	1.46	294.5647619685141	402.385	2529.973	3201.142	110.855059507766	102.35168115141968	79.1529497500324	107.08636317462484	91.03739267652206	94.318841560024	75.07513267028763	61.896130573893934	15.894
k1_02_spatz_w22.wav	a:	1062	1.933	264.970297685819	769.552	1755.692	2629.401	107.25483972036942	107.16052465069059	99.69361604832567	98.94227331576491	102.75628170243297	84.17492957409863	99.35888553444008	66.96485525522951	19.109
k1_03_storch_w22.wav	u:	1063	1.201	229.15812551527497	450.302	948.492	2692.762	111.36996026828572	104.18578325239221	92.57031510489706	104.13651310873666	93.4111692444012	111.1055610129223	78.59451183803314	54.57799825317872	17.668
k1_03_storch_w22.wav	i:	1064	2.333	197.84792881020036	312.825	2460.85	3084.191	109.23612431382827	103.82693641103958	77.76444204439161	101.28667415224685	97.34831327993835	96.75713718764406	75.5588693755456	74.25874718021575	13.452
k1_03_storch_w22.wav	a:	1065	3.515	191.05025472551327	821.332	1545.034	2603.468	109.23051864090937	109.88133749729576	97.74051777319754	97.54577403747368	98.11621431808364	92.15319863522517	87.28855587626057	74.54879178747444	19.387
k1_04_kuh_w22.wav	u:	1066	2.172	223.0855800409033	305.868	853.577	2536.11	107.35676376103319	105.81834468668383	109.47722639553797	95.85193462094352	108.34877498246446	100.97407116051397	57.39272763027341	52.60072809806431	15.916
k1_04_kuh_w22.wav	i:	1067	3.549	204.2632469449901	304.933	2364.774	3438.33	108.7001763799419	102.77792358962445	90.48682921617531	89.44163227014288	85.66487532422809	99.80194124133753	65.1781369131644	59.62417653672321	19.404
k1_04_kuh_w22.wav	a:	1068	4.702	176.8146786882978	765.614	1506.134	2761.128	109.00729067743112	106.25613353201513	107.81059625817785	107.63550319141832	103.61234571322314	112.12707075284715	85.65876683364064	54.2065146481706	22.323
k1_05_bodentrommel_w22.wav	u:	1069	1.798	220.83311549807212	381.225	974.206	2898.305	105.52731403233753	95.8867845316135	88.85713393670132	82.8466654312931	84.92673396269836	102.97952901428474	62.79584009326847	50.64413600084009	22.95
k1_05_bodentrommel_w22.wav	i:	1070	3.251	218.8714541431628	281.796	2441.773	3296.798	107.42245772630542	96.24720450538243	90.46800997377252	105.34516968032102	101.35450604149635	96.58373454587894	77.50657789269016	62.71759594802465	1.852
k1_05_bodentrommel_w22.wav	a:	1071	4.43	179.36299398086382	746.367	1527.826	2640.365	108.79417591373513	105.04150013368115	97.43061006581632	95.78666544978097	100.92074070760097	109.61801403598652	92.66077919762067	62.780966393026034	26.816
k1_06_komodowaran_w22.wav	u:	1072	1.116	176.81080491584376	312.137	1303.392	2473.873	103.26099746889456	95.31276781760323	82.78326990787853	91.15320635578104	91.54770088940282	91.70794036640241	63.753724605149635	52.27192146148245	13.615
k1_06_komodowaran_w22.wav	i:	1073	2.074	161.62757444878815	255.896	2413.476	3550.498	106.62496256111757	101.5339183397126	63.09477337811362	97.18976663111448	100.52270717551706	98.33378466969845	58.636821359078894	66.55054812106846	-0.135
k1_06_komodowaran_w22.wav	a:	1074	2.978	182.11244139835415	731.919	1560.704	2622.84	108.76182308546097	106.79205672208295	95.16334951797181	97.47830573915834	89.20912253849676	101.12766428744993	81.06299004350052	71.88511277410304	17.159
k1_07_kleinflugzeug_w22.wav	u:	1075	0.707	286.78316247929956	508.714	1139.967	2869.84	112.83105944254083	103.31930016884198	112.9515143669216	98.68158583813886	112.78530801019583	106.28714506375076	84.9869808801639	69.17991404824795	18.685
k1_07_kleinflugzeug_w22.wav	i:	1076	1.251	249.0718311850878	322.611	2455.697	3013.243	115.121852067012	106.16035056768652	98.77294957052024	115.09746545534959	112.5669705464091	108.1557620156351	89.71732273501831	56.58737314623775	23.119
k1_07_kleinflugzeug_w22.wav	a:	1077	1.578	250.06331259474564	800.357	1477.245	2711.969	108.0895125828153	107.71724050305302	94.37887899392837	92.24704128111212	93.53905704262917	104.520519916136	105.0476756684885	52.82275832870522	18.411
k1_08_gecko_w22.wav	u:	1078	1.051	188.85098710627426	425.026	1520.099	2837.727	102.57260552369286	95.20974724971676	85.12258910839097	93.50978234313243	76.74717810173684	98.03182620688061	73.5261169975588	68.20711961385179	4.551
k1_08_gecko_w22.wav	i:	1079	1.898	182.4438285911353	349.769	2551.388	2932.983	104.95333813618025	94.32433807044856	84.91979545398517	93.59433270962374	104.86929412513744	100.82931657817909	67.58792756381618	59.16935038311305	20.149
k1_08_gecko_w22.wav	a:	1080	2.883	158.1465946683511	787.668	1757.431	2839.888	105.56930112415795	103.2348352771245	101.38460325811045	87.87224163133737	96.05984502998912	102.7780203324968	91.35695510294278	58.165076514270936	18.018
k1_09_buerodrucker_w22.wav	u:	1081	2.21	174.41444770600458	357.733	892.732	2794.459	100.8264175203326	92.2363487921478	67.18167115066514	92.20030229913289	69.21419813415287	107.3834462644819	51.955944314419554	49.161802791104385	16.488
k1_09_buerodrucker_w22.wav	i:	1082	4.342	179.16500762393048	260.398	2389.476	3268.363	100.13914666690067	94.51418792416248	75.55522544888638	77.93967333300269	104.76992838861175	97.65183040822117	70.4933858630183	61.12086391265756	18.433
k1_09_buerodrucker_w22.wav	a:	1083	5.396	163.58158685255418	696.478	1414.659	2880.237	106.45881801208165	102.67150427354056	105.69307867833952	105.63194358617316	98.25721454821783	99.1916986704488	71.68591703030867	52.6311098120667	23.775
k1_10_violine_w22.wav	u:	1084	1.621	296.5523586978632	362.004	917.944	2862.125	104.49440846136613	96.08171679949672	90.22108008008806	103.40272601626195	75.94030978969204	106.6076705430092	69.28728587842983	65.4369405873056	11.639
k1_10_violine_w22.wav	i:	1085	3.525	352.03075654790496	362.299	2465.682	3155.462	112.52642094614647	97.6660619707135	82.99303778700161	112.61372409878643	107.92496759043559	97.54266956819038	61.17002867865557	72.24112486877202	14.6
k1_10_violine_w22.wav	a:	1086	4.8	172.20420682446456	806.912	1549.381	2933.143	105.60080236716854	101.98680309009626	100.46734368749708	99.95046903209936	93.39382765398688	94.62076065255918	79.42831638308665	58.41911209937615	22.965
k1_11_jumbojet_w22.wav	u:	1087	1.479	247.6995446020107	388.915	985.756	2574.79	104.79420873183494	94.30853504465242	76.52667196819314	75.4695458961348	76.34895540454087	104.90637229392473	72.37560867182219	66.95359364036896	11.189
k1_11_jumbojet_w22.wav	i:	1088	2.287	273.9744181480417	321.383	2440.938	3001.738	109.27354011392345	106.50239826241925	103.7769491751547	107.82812686986983	122.35491994581574	119.3384319058663	90.98954332052725	52.51728720917933	27.022
k1_11_jumbojet_w22.wav	a:	1089	2.695	258.5370839194486	798.089	1495.084	2595.824	108.82776990440411	107.87687061084877	106.21461637842893	92.69171203034122	104.33054219059062	100.48200770855883	100.27923254766358	64.73673637083643	28.436
k1_12_drucker_w22.wav	u:	1090	1.893	199.23556536576586	388.866	943.569	2734.247	100.83759459496945	79.20618204692565	76.08116638260017	77.31238935525914	77.00693158410768	101.7707689088835	56.231586125841524	60.24804132756965	18.084
k1_12_drucker_w22.wav	i:	1091	3.58	201.54413986280514	322.932	2459.199	3105.956	99.38615729049502	92.71300367810161	81.51176012134948	79.60371463386745	93.75043667586506	92.52334059579277	71.29495455071934	57.980250779999736	14.638
k1_12_drucker_w22.wav	a:	1092	4.18	189.91699025185872	737.621	1459.024	2713.844	105.94195196992175	103.77735851488578	108.23246273247031	108.23070177304909	102.52153994467241	102.44954522063574	78.33892492200134	52.32564405649339	22.479
k2_01_wanduhr_w22.wav	u:	1093	2.244	243.87790627406815	387.171	2384.691	3655.208	104.34191395188026	95.76237400151541	88.57359822388403	83.06100524366225	79.58924403879752	80.11473383223992	64.77380260611211	67.79568008481613	11.224
k2_01_wanduhr_w22.wav	i:	1094	4.004	238.81267820570116	424.094	2605.391	3627.781	108.67981408339027	90.7269921857492	84.04438618339634	86.67469947443655	96.36604663014683	94.4003991025993	62.096150241816595	74.78289556832897	21.019
k2_01_wanduhr_w22.wav	a:	1095	5.044	177.73874189967648	721.638	1542.347	2727.058	100.97926497960022	94.65715755956458	68.48928021488285	68.10084281188165	67.38236672125078	77.99327322223425	74.67968514568301	61.800645133676454	18.516
k2_02_armbanduhr_w22.wav	u:	1096	1.783	238.68304898807625	401.882	1366.548	2898.973	105.36474356824556	94.79801758079641	78.30658671498612	88.66472554506939	91.89082643198897	101.64291617133168	81.4672270003586	74.93342835196334	13.837
k2_02_armbanduhr_w22.wav	i:	1097	2.846	213.13055448270356	345.195	2548.545	3561.448	107.52111211461161	101.5213899579432	80.99453211152019	98.87226219653473	96.15353052902529	106.21996276944176	61.9197038237315	66.29256344431981	21.035
k2_02_armbanduhr_w22.wav	a:	1098	3.753	262.7243999161943	948.233	1577.899	2740.995	108.64313113257802	107.22105162884526	88.55062450034765	95.62386718507449	87.20940536632779	98.70902714698579	94.18558199766812	72.52734261036639	20.806
k2_03_dompfaff_w22.wav	u:	1099	1.445	474.3308410479677	505.029	1720.053	3514.864	101.37791106140818	83.24024261887484	78.07895264864273	100.97738987902495	72.56011631599375	80.13963418922674	66.64420222086844	70.88172895783303	11.82
k2_03_dompfaff_w22.wav	i:	1100	2.644	468.5762565342974	547.16	2709.932	3299.157	100.40612383820272	78.22442185990708	76.00538656679383	98.38493799811265	82.84364940852976	84.99332032963599	71.9598774298227	56.92538368183955	6.851
k2_03_dompfaff_w22.wav	a:	1101	3.194	223.56605739805877	748.918	1414.877	2797.655	107.1472397638908	105.56075222976375	96.56841649225169	107.18587105342935	88.87180430714292	100.1322686778797	102.89551529985172	62.909427073412054	21.362
k2_04_gloeckchen_w22.wav	u:	1102	1.824	409.86999716500753	458.891	919.923	2178.117	96.73153340607894	76.55049651284594	106.42860617008964	92.12501878359961	73.99375121833387	76.62911925607827	78.3951739681996	62.347793813548016	8.964
k2_04_gloeckchen_w22.wav	i:	1103	2.613	300.6104831569013	301.733	1394.775	2703.844	91.22592449067733	82.37660472281338	75.81374129385455	91.19139340542911	77.27682992630653	102.52901803739445	60.531191691045585	69.29149591707701	12.643
k2_04_gloeckchen_w22.wav	a:	1104	3.286	213.08245573212486	834.086	1554.864	2814.729	102.46081122128822	98.97922726311253	69.64722430922095	73.51593535210756	83.62148118688671	89.54151819705024	75.48552471330173	64.09786692389554	16.387
k2_05_kleinwagen_w22.wav	u:	1105	1.801	210.99784203872363	400.857	816.577	2486.251	102.00655057563768	94.66650776129377	93.6432422855653	93.73724726985765	92.70110931307606	90.80533981282693	54.43287839780471	50.1535109739479	17.878
k2_05_kleinwagen_w22.wav	i:	1106	3.108	223.1223847639179	371.094	2371.851	3504.213	103.13727603031585	97.07384114053863	97.07691764759554	95.10471449390135	93.14560820476738	85.59082855518015	70.75225912272607	66.29298419065995	1.686
k2_05_kleinwagen_w22.wav	a:	1107	4.247	226.5550192845852	775.14	1469.732	2660.09	106.08076960674168	104.02637059490357	105.79706286912312	107.67618381545637	102.97302642051037	103.74315782321388	92.01575335330742	71.69153177764798	26.343
k2_06_kaninchen_w22.wav	u:	1108	0.738	518.9507340029772	529.705	1314.705	3099.118	101.86443427464295	107.75486505979877	107.81168631540712	100.52258441500676	79.55884233994252	115.87893241056145	95.33184259762984	81.09040641926654	15.042
k2_06_kaninchen_w22.wav	i:	1109	1.245	473.35727531083904	486.557	1682.615	2821.961	114.81791996628937	97.56414972385187	81.30300793599484	114.88686235954259	73.33480006240316	114.9895617356093	86.42997333178586	90.44235648287531	18.368
k2_06_kaninchen_w22.wav	a:	1110	1.535	304.9943825087703	1143.482	1777.729	2782.876	113.4153034283975	112.40458007669653	80.1814164872361	85.77757312509956	83.01676199699594	87.53850876555413	98.22016384792599	66.57961835631609	18.3
k2_07_suv_w22.wav	u:	1111	1.441	205.26543815738773	403.479	974.776	2605.327	109.75061865331818	103.43086916361753	87.11155269262429	103.37178883688031	90.09692113332952	94.90644911262739	67.86200247194341	48.56880911719099	16.76
k2_07_suv_w22.wav	i:	1112	2.64	204.26053118990626	407.631	2429.673	3486.189	105.82195389378975	96.09391763754832	68.73192770803672	96.08670929578776	83.24140980351788	96.70292853069228	73.16879714870757	71.74126598029626	6.786
k2_07_suv_w22.wav	a:	1113	3.485	190.33526584067704	741.066	1346.993	2726.791	104.89847717364592	104.59496773514499	86.44785052724595	85.78840323083543	92.24752936689585	102.45119287340819	89.50449336139137	64.22956269856687	21.328
k2_08_blindschleiche_w22.wav	u:	1114	1.354	355.910608613846	464.33	2134.405	3292.76	110.3093674570524	95.89648800239348	96.38269821312822	104.10269523953933	88.01769153814502	97.7075510877659	85.1618393337293	62.73231874946915	10.539
k2_08_blindschleiche_w22.wav	i:	1115	2.688	416.97158810474474	426.798	943.515	2940.559	116.52427695325594	95.07262499035372	86.28605819676349	116.53549996938202	96.7656858759128	111.05149939127583	61.717482006522886	82.79302589688797	17.681
k2_08_blindschleiche_w22.wav	a:	1116	3.461	203.94640878108953	922.058	1621.445	2921.371	105.99285181342617	101.70448151947427	91.72318715121656	84.91330205532284	90.83540949035665	96.54999230663724	96.3482832240017	61.942329289541895	22.124
k2_09_harpyie_w22.wav	u:	1117	1.335	246.9492595359189	753.794	2784.669	3610.124	116.13842550803012	105.60631203861308	84.52106375840087	87.06635694447105	79.40425009670453	79.07338429687752	63.26812102292333	51.09405929779381	13.268
k2_09_harpyie_w22.wav	i:	1118	3.019	234.94507197462696	242.221	2559.127	3829.749	99.15357212886822	98.00604494296633	91.95806190787947	98.50652666600693	108.54303432163559	119.03329250747998	65.69187224059962	76.4527837172103	18.263
k2_09_harpyie_w22.wav	a:	1119	3.993	175.42564912588168	716.589	1603.581	2512.001	100.89500167901481	97.52671811854975	91.05598522480463	90.90722216467432	86.83220965216772	83.73356131684261	86.35575628879941	64.92364269625328	22.253
k2_10_krokodil_w22.wav	u:	1120	1.147	203.08570774093647	378.749	1142.744	2438.184	101.34995076368708	89.89151892030709	90.8587338888079	87.4915416183955	91.6880156970835	86.55321619960608	60.72690199888375	50.46799408991887	11.865
k2_10_krokodil_w22.wav	i:	1121	2.213	295.9422935473813	302.237	2063.159	2981.967	109.43167845561827	98.21267811863939	90.05353683763958	109.4991842171109	84.07049176345323	99.07602106021673	72.6116672895229	63.75628384352544	10.4
k2_10_krokodil_w22.wav	a:	1122	2.877	95.55240438676928	906.253	1488.11	2556.518	87.13370563719744	101.60013547119718	95.41071486947517	91.50836777552928	84.54310407188686	102.44925419738614	87.53208456343373	63.51448713445415	17.084
k2_11_elefant_w22.wav	u:	1123	1.015	370.8469649319867	381.288	1132.199	2943.454	108.35787325719724	107.72169042308045	108.68578195563992	108.07941715867759	115.26301753750067	121.91353250938226	78.8093002581187	75.41024764960902	17.84
k2_11_elefant_w22.wav	i:	1124	1.601	252.34790826496254	274.694	2679.642	3503.064	98.42562654713647	97.10620653790153	91.9985284499303	96.77134737825847	106.87281469258777	106.82458473617864	70.91109592360796	71.02724813914878	14.135
k2_11_elefant_w22.wav	a:	1125	2.083	182.55582048155864	939.825	1414.126	2771.815	105.75146362361374	104.35340911625971	94.02248762793411	80.4144038587982	69.56630526931008	83.44733138014206	80.83133976286615	80.38338895624955	22.596
k2_12_kontrabass_w22.wav	u:	1126	1.85	357.89398339272435	390.518	1045.445	3168.259	109.676931374788	106.80528999377341	102.42980962425483	108.93345429965517	96.88639163039316	106.52683479069114	64.65424003644551	66.22336302507686	11.823
k2_12_kontrabass_w22.wav	i:	1127	3.19	364.95783361215126	365.152	1296.928	2917.435	96.545494256918	84.83928643639615	88.29825630461649	96.54701643121473	77.33713037797253	103.46502694268273	60.36281585239592	72.49402837080164	11.421
k2_12_kontrabass_w22.wav	a:	1128	4.279	230.8776821269979	812.012	1584.813	2679.432	108.18522580900101	104.24920622627212	85.22606634465166	101.77858921651497	88.39155424075821	93.4449746431321	93.70870650265859	60.243314921100364	21.945
k3_01_aeffchen_w25.wav	u:	1129	0.739	352.7062317728283	380.208	1125.026	2807.293	108.8286139784395	106.4670781080158	105.61305238901576	108.242300306389	101.49136689995885	116.79909239787756	74.12764841658918	72.84290823406829	15.478
k3_01_aeffchen_w25.wav	i:	1130	1.427	246.06711975607152	298.898	2639.769	3529.443	114.64108349926164	98.35282614290706	80.7917803230828	115.10072992536907	90.62448752336422	78.83020363050969	52.03970613939	64.6832782407081	7.262
k3_01_aeffchen_w25.wav	a:	1131	2.072	260.36019894536753	861.299	1814.221	2721.674	104.58980379651707	96.24202510810485	73.63035509384889	81.0653146259423	96.02154805242556	86.84232852874607	93.64798465814779	67.16466045166126	17.943
k3_02_schildkroete_w25.wav	u:	1132	2.731	198.83908485520834	345.7	852.272	2574.336	100.06384681723193	92.26227823742542	61.28516065425174	90.84728843745819	59.4776294946416	60.58121954016126	54.15030213437461	44.235616711165946	9.231
k3_02_schildkroete_w25.wav	i:	1133	5.763	219.12432084677306	328.111	2603.674	3544.998	101.4307369866286	91.96971903886046	67.18748385691357	81.46887560283182	87.08272083456461	83.96412206489077	51.20891349130416	53.744409587451344	15.898
k3_02_schildkroete_w25.wav	a:	1134	7.469	222.66517124947137	765.408	1509.055	2574.385	101.21992407509724	91.31371361875395	71.12619487781407	82.02682764705219	78.02062552667041	56.98592604983728	63.220749027718526	60.37887618154464	15.91
k3_03_kondor_w25.wav	u:	1135	1.159	249.24123799421466	399.8	2858.202	3609.79	102.66780797764538	95.35966561112176	84.1776869251047	89.68238296568137	92.11722867389066	84.76094118334647	68.75110519522968	77.70847719493572	13.005
k3_03_kondor_w25.wav	i:	1136	2.236	250.05875270090183	264.437	2675.813	3459.884	100.1252592610767	97.64122439325537	84.6663545728451	99.40740284621884	106.83851779417917	105.32229832693932	64.45722551152878	59.080615600590384	17.711
k3_03_kondor_w25.wav	a:	1137	2.969	210.0324050744012	813.441	1435.013	2537.997	106.97322654481076	99.88616439171322	103.20391974425284	103.26793397064407	98.91643087785272	99.79578000168823	80.07062002354574	69.50159009314163	19.58
k3_04_grosserbagger_w25.wav	u:	1138	1.304	222.76598581633897	453.089	1150.403	2428.707	108.59427098763855	86.3116919073541	85.13630947326503	85.81238457982961	79.64448946663695	77.147197243218	64.54617896268485	47.239226431774675	15
k3_04_grosserbagger_w25.wav	i:	1139	3.195	210.6952996015092	222.957	2532.832	3666.371	110.67279243727258	98.59344208735816	91.12784761971832	110.83844552830391	115.67355766081255	110.02458355957145	56.70200178382639	74.74735127540919	26.124
k3_04_grosserbagger_w25.wav	a:	1140	4.4	212.304383132443	858.87	1400.261	2642.095	106.84737853057828	101.88954246583538	102.47406424858188	102.44579065210661	98.15206968116182	99.66911571217678	81.0878957934267	67.64407711915632	16.326
k3_05_anakonda_w25.wav	u:	1141	1.459	225.86521759267407	325.049	1910.155	3337.875	107.32926245188662	108.68043160401575	88.05077973104355	96.67756199738405	76.48396633935089	78.02435746252355	68.57534311071018	55.744869573436596	15.247
k3_05_anakonda_w25.wav	i:	1142	3.375	245.1968975708075	277.885	2662.739	3442.012	103.80427526586243	96.89010618466781	85.62039921905199	103.356741715298	88.81353996860082	87.20944506477247	50.30312472688461	60.854783917762376	16.502
k3_05_anakonda_w25.wav	a:	1143	4.76	227.2252615003757	733.346	1412.745	2599.226	105.2743947077783	101.38399198460073	75.82751596626834	89.59704242890678	65.20395820153925	77.99243971144656	77.8695729471776	66.02131055127033	20.085
k3_06_baer_w25.wav	u:	1144	1.226	213.73762893646852	424.738	1857.252	2629.462	93.69046006610846	84.42406109279322	61.413255035251964	84.39970575725559	59.626655983607144	53.39988090807282	46.73679315212847	42.88269513562807	10.228
k3_06_baer_w25.wav	i:	1145	2.603	198.3441763047745	225.347	2608.138	3469.424	91.82333232799624	95.59642145059104	74.08829478746897	89.86836685220324	97.79662415350603	111.98373193211685	58.72130803337355	69.484402466205	0.169
k3_06_baer_w25.wav	a:	1146	3.677	207.88325922823606	769.086	1338.956	2607.391	107.76023013538331	97.94622326721063	92.63598498737637	88.40234727213145	102.99804563963991	102.45258363528708	81.28519749075964	57.9120096286973	21.414
k3_07_kirchenglocke_w25.wav	u:	1147	2.539	230.63421503242498	436.263	1102.99	2765.247	101.11252962832975	83.29038667103586	63.322637300874376	80.70857400475066	61.53182734719669	90.53615662984679	58.062815971335205	60.0226152845931	11.572
k3_07_kirchenglocke_w25.wav	i:	1148	4.776	228.98475993158695	380.507	2530.597	3186.928	105.64878007075174	93.92204701472055	78.00953242490078	89.53767978033879	96.20854315826563	85.53169208568441	52.28903237725077	58.1107521916681	15.419
k3_07_kirchenglocke_w25.wav	a:	1149	6.27	226.3654061419927	788.611	1438.985	2477.015	108.81676100672004	104.62154541560557	101.40853371987345	102.72133172650177	97.64024717835771	100.16523920694661	87.67337467492806	70.02061741253709	15.917
k3_08_kleinerbagger_w25.wav	u:	1150	0.874	220.8778022271113	382.236	1216.924	2418.42	108.73749522954249	101.1850064925809	86.41362655154973	95.29657110123176	95.54971072936185	96.6289827660301	66.92974202993516	44.84287960080543	1.222
k3_08_kleinerbagger_w25.wav	i:	1151	1.891	231.39623177829424	293.714	2574.875	3617.419	105.93970540950693	100.42342192836684	87.17024518971911	101.85153308190179	98.90157854640577	110.86120025695926	59.59232817727066	69.78946020305554	15.917
k3_08_kleinerbagger_w25.wav	a:	1152	2.311	233.7263559380964	869.7	1429.176	2553.047	105.37888359037915	99.28019692118379	94.59744712703016	93.95804730218757	84.15701831164907	94.14849438959631	82.3705994944114	69.86168660161174	18.582
k3_09_industriebackofen_w25.wav	u:	1153	1.091	225.06007128152115	317.605	2020.361	3748.258	106.27251543030346	109.56207593224227	103.15515253486309	89.51623659202532	83.72889800205152	90.25817634092768	58.370163435327015	48.43955017156632	14.61
k3_09_industriebackofen_w25.wav	i:	1154	2.391	209.2967179988947	261.969	2524.491	3353.081	106.74618940028839	99.88222112367552	88.54266637436308	105.79968848808423	99.76742540897187	96.8828262960206	54.487199556147836	59.71815184283476	1.473
k3_09_industriebackofen_w25.wav	a:	1155	2.963	230.85356713172354	829.894	1414.35	2615.713	107.86062931009485	102.4580772334493	79.72868311878973	84.70790336413691	70.76583277195408	91.53609779939285	82.19829260174873	59.88172576933881	15.364
k3_10_handtrommel_w25.wav	u:	1156	2.042	234.01937323002826	471.243	940.788	2527.861	107.01576162176488	88.62509745274878	86.03589870176629	88.60625754098359	86.17161242161258	82.49116893093533	49.63108521492703	44.71675567647029	2.464
k3_10_handtrommel_w25.wav	i:	1157	3.95	209.9113032740298	328.008	2561.592	3435.275	99.87032392396847	86.61214041299209	62.411207552742994	71.78344873389368	78.6685143880347	85.83084165411604	45.68327239064983	49.49803423657498	15.62
k3_10_handtrommel_w25.wav	a:	1158	4.777	236.77013025969487	986.106	1575.408	2570.952	106.88104164238975	101.96056288183017	74.26089103365429	74.01068066552153	82.76779779974368	85.38610989235738	78.07319245121315	57.25012792165016	14.089
k3_11_blaumeise_w25.wav	u:	1159	0.65	353.2889092495916	350.763	1053.3	2524.391	103.0468912697302	103.36265296086559	108.7657463295557	103.00546826245616	97.19248998716634	92.8353441815579	89.00454379022963	78.96613375329643	14.782
k3_11_blaumeise_w25.wav	i:	1160	1.284	268.2351461997211	276.311	2592.175	3504.241	103.19886568695865	101.22266351372633	89.1004885477161	103.02398560338887	113.82562876754334	127.73717164726054	72.86970046691751	75.60065370505768	14.81
k3_11_blaumeise_w25.wav	a:	1161	1.773	225.49629512272332	745.177	1479.089	2482.907	108.5929310918928	100.01255021299569	98.64821877252973	93.57338679224887	82.21427915047535	99.3322980301429	90.37770310618879	73.64565101697063	26.736
k3_12_backofen_w25.wav	u:	1162	1.04	200.06245235229113	304.459	1776.294	3632.001	100.25838470451183	94.06769534852822	95.65908883495459	76.69837817750835	72.010780886211	66.22038866014066	52.340318306311175	42.41272750843674	13.181
k3_12_backofen_w25.wav	i:	1163	2.085	246.46916490947365	260.399	2568.517	3412.643	108.21434686145338	97.82656679707608	78.02123993681678	108.3617570643246	108.22538940517646	104.2019695839404	57.91795613054305	66.56231788095856	16.315
k3_12_backofen_w25.wav	a:	1164	2.958	237.00718826624063	770.869	1421.883	2587.337	107.02172849427592	101.92298792707498	98.17533554803404	86.53428991549937	102.72558078237776	114.03380035270095	85.15737915782299	66.8010315197977	25.561
l1_01_kontrabass_w20.wav	u:	1165	1.235	210.1610746375639	292.242	864.917	2298.977	110.14793548670299	105.4236618101997	94.0140512997398	98.64171005083185	94.58901852799514	94.11939849261856	59.886164328642735	56.879911412554435	13.674
l1_01_kontrabass_w20.wav	i:	1166	2.49	207.16383720504572	246.45	2037.51	3077.005	101.38227438387655	90.63417256941551	77.39923424412794	90.17721720626437	96.66141627040895	118.3945971985268	73.69344283865976	73.03023175133232	12.233
l1_01_kontrabass_w20.wav	a:	1167	3.5	191.31563026407412	659.37	1402.943	2793.087	113.04373442951753	99.69962530392218	70.75888226731219	80.91995013851019	78.29414338669962	62.69106537603648	70.27264250071633	51.07131006536801	16.942
l1_02_spatz_w20.wav	u:	1168	1.226	445.90779270647926	446.95	907.929	2710.657	112.13514209963773	107.70929822330967	104.21963248612329	112.13430388792719	108.1519662930065	110.4763316766747	72.21092301011723	66.7891229453758	13.887
l1_02_spatz_w20.wav	i:	1169	2.356	455.9086866028584	456.442	2722.067	3294.99	110.70170600518	100.98981327975247	81.55779493482078	110.7058373695944	99.74212065834811	94.27718576815462	70.70487435755342	65.74325682621281	10.63
l1_02_spatz_w20.wav	a:	1170	2.901	402.3792001033882	638.204	1205.524	3138.213	109.50562081102385	106.3468495957273	115.47871494163358	88.03913752800793	112.75856740231839	104.00338746730847	99.62885544878972	71.11209883622772	13.696
l1_03_backofen_w20.wav	u:	1171	1.345	250.42930640687368	269.074	2188.798	3466.618	112.00699644533242	106.22856118246943	106.45782435530364	112.05062053093702	76.88494596393629	92.73506634417102	66.70051081121831	55.58744573638651	13.716
l1_03_backofen_w20.wav	i:	1172	2.499	219.74107650107987	248.185	2148.295	3183.421	109.35421347648551	106.75985384528376	96.75184657279365	105.086303911036	104.37505258485125	112.31717714564155	77.47138482433529	68.76777037823808	16.707
l1_03_backofen_w20.wav	a:	1173	3.258	198.7317321660316	695.231	1306.687	2744.685	111.70403319824021	104.68790098938146	100.47495157683622	102.19698325722726	85.62179300261585	95.69011159314748	74.35084460936459	65.51555309129265	18.32
l1_04_buerodrucker_w20.wav	u:	1174	1.659	265.160955835603	380.431	1071.979	2614.343	109.01270942279939	100.06894461649635	88.83794199501928	88.32438859309394	89.08401437951113	109.30375194851521	79.58144246002729	79.1543878624427	17.53
l1_04_buerodrucker_w20.wav	i:	1175	2.962	242.88759984015795	258.289	2220.297	3437.358	116.41492475738048	95.20185953325614	73.13623181008802	116.5846092307889	98.61148971332037	97.24078670292195	79.21063939211304	70.98490662249208	14.052
l1_04_buerodrucker_w20.wav	a:	1176	3.838	213.68258581775723	769.695	1460.297	2569.47	110.1809603305155	98.88544546101375	66.22118443937975	71.29823997749008	74.77498562839196	74.5819593468161	76.90026845820528	54.67598965618081	18.902
l1_05_gecko_w20.wav	u:	1177	1.129	232.4407453085219	355.643	1098.16	2460.389	109.54224957872918	107.79148773385248	92.70409354818801	88.83828425444598	93.68434865170359	107.10082825929868	81.07873748731974	60.25153018389477	-4.353
l1_05_gecko_w20.wav	i:	1178	2.409	276.5589639554699	264.174	1346.205	2537.781	110.36286988643003	105.50732639669614	96.59947155283126	109.92313402448862	76.68197237070834	96.97850173316768	72.23858449994113	60.95163973810501	12.26
l1_05_gecko_w20.wav	a:	1179	2.89	229.56812220482018	797.069	1618.457	2617.947	112.9710197764802	106.48059963752968	94.21370682083331	97.14189431400386	101.29332015584315	105.32483064439086	83.61878221957727	71.23619839355526	19.225
l1_06_storch_w20.wav	u:	1180	1.378	315.5245135675511	319.871	951.384	2575.674	109.98524021001478	101.1980197277519	105.85843725600452	109.98637326926634	93.97497273487573	113.06070264712297	82.48259568330633	79.61865713909107	16.506
l1_06_storch_w20.wav	i:	1181	2.368	266.2554893481617	313.62	2441.474	3072.667	122.77546740114217	109.13038025624036	98.44020851830454	123.1767994078526	112.36523384989073	95.46802349546226	74.64670042489887	68.07820185616913	16.072
l1_06_storch_w20.wav	a:	1182	2.958	205.70796585377732	811.193	1538.029	2685.951	111.38232179210881	103.17757330781663	87.97090299524685	87.88413667958336	86.78861824104762	85.463002801951	82.26312515070504	72.60336629792532	19.566
l1_08_handtrommel_w20.wav	u:	1183	1.895	238.82403002089697	355.317	2438.572	3593.445	103.74160121789924	94.81922700009554	85.32275042858495	76.27343142381821	89.93321465780286	83.58989947514046	63.48047712965418	70.81679575651302	14.67
l1_08_handtrommel_w20.wav	i:	1184	3.523	225.61142619687917	273.486	2161.938	3400.48	104.15688946610982	103.51878904392767	91.74569641339579	96.65274538774695	82.54520159925991	102.29865773698822	60.28778022168075	50.60883264522478	13.336
l1_08_handtrommel_w20.wav	a:	1185	4.582	206.4310346856797	757.798	1445.118	2700.393	108.76355851379631	102.34833620073276	98.0589145509596	97.62318676706423	93.7870162727456	102.15894314611923	83.3452821878428	54.460500312375146	26.905
l1_09_komodowaran_w20.wav	u:	1186	1.343	288.1655835300598	303.762	2161.636	3294.88	110.86302486557695	108.34214582594986	103.04190021693671	110.63456820590216	91.45352457954354	87.66976466461658	76.8221105198911	57.99876106505106	17.114
l1_09_komodowaran_w20.wav	i:	1187	2.657	261.6865418024878	265.761	2103.547	3158.902	105.03880210950051	102.78166073054459	89.76270755818535	104.92538185114549	112.27394317380902	119.05288100640811	83.62885938020028	66.23117072206132	19.341
l1_09_komodowaran_w20.wav	a:	1188	3.314	179.40387335626912	619.095	1252.996	2728.28	103.91256342302685	95.0023289472421	89.19014004364792	85.61911701027017	93.45963650572116	85.08130334685828	68.81191195467377	62.32597096151834	23.036
l1_10_baer_w20.wav	u:	1189	1.234	212.2986188429005	282.608	2220.811	3388.646	105.84540058060725	100.87267955313743	93.3548238107717	102.23953761341217	79.48832792130992	70.7445947524865	67.89584268753497	49.450945534414586	1.223
l1_10_baer_w20.wav	i:	1190	2.632	246.98179441520205	251.974	2087.844	2858.65	115.24374836755084	104.06006149011787	101.2507046030956	115.2917189987909	107.36140900577922	107.96034374013298	82.30461907512489	74.58670769569345	19.31
l1_10_baer_w20.wav	a:	1191	3.375	178.5502832273337	789.09	1316.535	2650.905	105.86587280852382	97.38738428943805	74.947235247229	74.35995223040302	78.28650981314699	76.77899565353526	69.14366293463041	50.71857292239544	18.04
l1_11_kleinwagen_w20.wav	u:	1192	1.018	323.74531129088143	350.715	1317.684	2533.319	105.96428201282124	104.95630661871283	100.496542788683	104.24713637532963	100.84648477623814	91.7458557209867	72.68428964961313	66.63571849782736	15.676
l1_11_kleinwagen_w20.wav	i:	1193	2.015	296.2638224273952	287.283	2137.695	3074.724	104.9751133356761	106.66354154826112	95.99508437540447	104.59099438931909	104.52875449129175	111.02078547672141	68.73488989444508	58.46753415197088	20.083
l1_11_kleinwagen_w20.wav	a:	1194	2.429	203.6546246793963	901.703	1613.312	2560.164	108.53278307615534	102.49323274320508	87.51992928473814	82.33836722988345	83.70104061916696	90.90729710205498	85.92874257136086	72.94970189768222	25.755
l2_01_kondor_w22.wav	u:	1195	1.457	268.40799383617974	280.769	2244.925	3330.454	96.63567135877193	103.61774749775776	98.947827198724	80.92665893430207	85.34721133497584	90.13185963875989	65.58472452010854	64.13197146793979	7.071
l2_01_kondor_w22.wav	i:	1196	2.509	261.87027932129047	269.047	2472.062	3619.802	97.85132558337324	99.15452839762123	92.09554042003602	97.25230354543926	91.3639054392712	98.87867442590135	69.5310134272599	65.88090392211974	18.391
l2_01_kondor_w22.wav	a:	1197	3.025	220.52199928363265	827.868	1447.409	2597.266	107.37079816151322	102.9322450914024	76.2712357861005	76.06077477592893	75.01584834961874	76.98163035970472	75.75790472520693	58.48856875753718	15.836
l2_02_suv_w22.wav	u:	1198	0.968	219.45309398013555	289.418	913.67	2590.847	106.84561543801753	107.87230481056271	91.63328754335856	96.35764648987677	91.87505202821393	104.35077100179143	66.30054207118941	47.631843370278474	11.339
l2_02_suv_w22.wav	i:	1199	2.018	217.1012421715188	233.83	2350.977	3518.842	109.18055947645752	106.02391888969456	98.90412047858138	109.3558823600299	93.61868936335995	106.56403910827383	63.82861386119604	61.77783291557287	14.677
l2_02_suv_w22.wav	a:	1200	2.933	180.68783991829483	745.809	1421.751	2504.278	108.26439869838269	103.39511515001028	90.50840667284334	89.53289868918394	94.72695402981903	103.44479097602016	83.11698728129377	69.28436588604897	21.221
l2_03_armbanduhr_w22.wav	u:	1201	2.263	229.99875596012816	791.581	2835.169	3932.106	112.36045748253727	102.78844827677021	83.48362893320282	86.68104954731092	65.97998555196399	63.586279763797805	56.79935784953693	49.61503435992138	14.841
l2_03_armbanduhr_w22.wav	i:	1202	4.833	208.07052580261694	235.278	2319.683	3546.765	110.58197991266454	95.27795755121959	77.60798802650747	110.87037487689737	87.53546096964921	100.51785847851215	62.808116094377766	64.34021247995423	17.432
l2_03_armbanduhr_w22.wav	a:	1203	5.837	192.44734816648875	689.192	1158.722	2587.856	108.0473181571646	99.49212290649947	93.97203944863881	92.37681794675844	99.63233639121376	107.5138336427427	73.03087832490112	60.490734174772996	15.432
l2_04_gloeckchen_w22.wav	u:	1204	1.015	337.20357686254	310.229	870.647	2930.551	97.29245194307526	77.42807124662883	96.49130178929613	96.54734532383483	64.85396065781082	102.00339469285844	77.09229235018229	71.65688975099125	1.06
l2_04_gloeckchen_w22.wav	i:	1205	2.096	242.4179790648405	273.382	2648.193	3565.857	114.5863101265441	104.22058692897487	89.64532923431814	114.90285758055913	113.97919988028463	104.5278295541195	67.90190598045393	68.25432959672162	21.862
l2_04_gloeckchen_w22.wav	a:	1206	2.855	125.0096369152171	875.368	1672.68	2518.061	94.74293135163325	109.67581859389968	104.07389617694565	80.9474226046642	91.06020608445672	89.74662058868847	91.42328331193328	79.86207302367056	17.327
l2_05_anakonda_w22.wav	u:	1207	2.146	212.88385298345727	875.099	2271.493	3535.628	109.11928665779575	98.7606485126774	75.48135033784698	75.37988808450497	61.132470952070825	58.99845331318791	63.573502669431335	54.17379231275809	11.184
l2_05_anakonda_w22.wav	i:	1208	3.632	208.7889222629049	253.286	2455.518	3459.564	103.18047528206364	99.43046606789991	82.13050889249666	101.93628171040102	80.42871474191136	96.58055187254564	59.08571429588602	69.34541390508465	12.776
l2_05_anakonda_w22.wav	a:	1209	4.601	182.94461859653973	829.108	1539.272	2505.877	108.23240217998475	99.8969599845692	89.82500084989945	88.37051013207953	77.07892261101068	93.85339234945144	87.81677335189904	56.79868306922571	19.944
l2_06_kleinflugzeug_w22.wav	u:	1210	1.624	218.43879687899317	356.974	1050.992	2691.082	106.98539719910367	99.95882018530307	92.38930207741558	96.0056143944179	80.78546597149557	86.67748610551004	59.73385502391299	53.22044597814588	1.973
l2_06_kleinflugzeug_w22.wav	i:	1211	2.492	199.80659177914302	244.164	2425.048	3519.662	102.23748105583945	97.91493528017449	83.64474454134015	101.20790793452719	89.16284381480563	97.98266816658244	56.98537823702887	74.1684059300542	11.107
l2_06_kleinflugzeug_w22.wav	a:	1212	2.963	192.21619761760866	782.466	1347.444	2594.937	105.62447742533557	96.73147354848717	92.43299869942803	92.34164028278012	83.81947391936833	86.70395377860348	70.2661120342588	68.52939750505209	15.457
l2_07_schildkroete_w22.wav	u:	1213	4.794	240.47709293106496	328.736	774.508	2247.155	110.37883723248349	102.06070376817802	88.40055524386798	104.9366119523351	77.34774232667877	84.90553563732337	56.83744928469116	50.927189101213514	10.584
l2_07_schildkroete_w22.wav	i:	1214	8.078	237.60123248595778	260.284	2290.932	3503.667	97.44750701906915	94.97168818369093	80.7688420855236	97.03429048722253	89.04105787704627	105.65757888553435	58.1606274084497	63.41233158456663	10.67
l2_07_schildkroete_w22.wav	a:	1215	9.469	201.30067422726495	809.212	1310.491	2762.49	112.19429738561544	109.38336980449147	91.31995433326122	98.58765494563833	92.96719765665706	91.1054593463134	83.02768743114109	63.21020928615538	17.994
l2_08_kirchenglocke_w22.wav	u:	1216	3.337	230.576832046637	295.819	956.41	2496.657	108.16795145172533	101.34560114577505	86.57468640433075	107.98763822605795	87.23218925257304	80.88120263208724	53.31797803214311	50.358581563100095	10.474
l2_08_kirchenglocke_w22.wav	i:	1217	6.684	215.24971085378118	256.799	2393.074	3458.859	95.64212266080379	99.3405279884831	89.87239651569867	90.91529235570354	77.48600423950086	79.7705259312891	70.57167058927946	62.211346976252216	14.439
l2_08_kirchenglocke_w22.wav	a:	1218	7.782	179.28508471868489	819.714	1186.954	2769.242	108.65780954585706	95.69926333430215	88.02119829150419	89.766868575551	84.82584652759584	83.77693310954044	63.75330505991008	70.81599445788608	16.67
l2_09_kaninchen_w22.wav	u:	1219	1.046	231.9484191140262	284.052	934.227	2460.197	104.88003285581344	104.61358580518342	109.87577713218889	100.56349613101457	110.03215069097874	98.73527319485065	57.72895959569631	51.99120186620799	18.049
l2_09_kaninchen_w22.wav	i:	1220	1.98	199.70336393744293	300.996	2645.276	3877.915	107.88432717383682	98.8666549604427	82.08652064816604	94.45406135157921	90.55138157395723	91.46283096290298	60.68386552833792	68.02665479429385	14.849
l2_09_kaninchen_w22.wav	a:	1221	2.865	208.5839264011979	884.503	1617.558	2386.285	110.36542895146974	102.49189413863688	93.04839295316887	94.8516793372471	89.1597444853056	99.35724089125232	92.06652904389841	68.85401198689925	20.886
l2_10_blaumeise_w22.wav	u:	1222	1.35	352.33696441056236	373.083	1034.395	3085.955	96.37827716922536	79.58688039913352	89.3255242725838	95.6256208710422	79.40864123646153	107.59861933088045	78.2375173196643	74.5979877210508	7.582
l2_10_blaumeise_w22.wav	i:	1223	2.476	263.96803020372766	268.495	2732.294	3766.129	110.92321513426533	84.06538018746141	74.09310738303552	110.9651069502971	98.07165892241494	105.8251195540758	64.7018336791481	80.60865633259503	0.057
l2_10_blaumeise_w22.wav	a:	1224	3.453	272.1998887716945	850.589	1598.016	2213.21	110.40878315975303	99.73332891122647	87.7592554393191	90.51940531823857	85.6638814355673	79.20603966988216	97.73692573594367	68.97563937515986	6.821
l2_11_wanduhr_w22.wav	u:	1225	3.062	290.5885087590827	367.21	970.099	2701.572	94.14978441808773	67.89961203881663	64.52134130914631	94.38813823366135	69.63240203680839	76.76507344360155	49.08411637332195	46.341438417524785	1.256
l2_11_wanduhr_w22.wav	i:	1226	5.693	217.33814407700598	247.213	2386.791	3488.308	114.2044862316929	102.18802360933975	88.34739016624228	114.53906923720267	99.69918307252794	100.43396041127461	70.47032685648604	60.88651158835582	20.676
l2_11_wanduhr_w22.wav	a:	1227	7.153	260.1287168430497	816.999	1291.202	2813.434	95.02606871409529	87.62001168737225	80.43527733078142	94.95337083381717	89.14308659270972	85.04198254080367	67.23459623499659	53.707608409236116	-1.932
l2_12_kuh_w22.wav	u:	1228	3.38	209.27075769198814	326.035	2315.205	3320.171	107.18896088715539	97.08863873251411	81.14111256220164	89.57550435835114	73.57004486135843	79.99315352539813	61.96604742510003	58.886304606673654	14.899
l2_12_kuh_w22.wav	i:	1229	5.895	179.16043912638614	218.092	2061.983	2956.265	110.17460859180139	103.03370323578389	76.69990986226793	110.63121920703142	95.38757443029587	100.130546829913	70.56124883633282	71.19395472764201	7.331
l2_12_kuh_w22.wav	a:	1230	7.546	197.29459298199242	728.172	1221.731	2758.49	99.5820194915189	94.00570690947598	81.16355041083501	95.40916012582774	77.55982440383832	73.04242375120583	71.24349874814128	65.30781130797335	9.02
l3_01_dompfaff_w21.wav	u:	1231	1.091	309.19285437605583	356.557	1233.269	2859.195	99.77468263281821	97.65439257164434	100.43191452736293	98.18136007117499	100.36536006052569	79.87050742942567	61.632891315571506	49.31692312569531	4.39
l3_01_dompfaff_w21.wav	i:	1232	1.844	264.1222427832519	284.777	946.269	2894.639	109.35120240379159	93.7246750472267	80.09818935563064	109.50869041679282	76.23239800273076	117.45534714918588	58.08100907714309	67.74267566891194	14.064
l3_01_dompfaff_w21.wav	a:	1233	2.278	246.3334456838039	1031.72	1883.398	2964.107	101.89393935119148	96.78285670050695	89.20645108501128	88.08647457116092	80.35771525051804	79.50987564857516	88.43955997770513	71.74215790769767	16.612
l3_02_blindschleiche_w21.wav	u:	1234	1.757	266.44204289714736	305.033	1387.794	2506.628	103.82276801042875	100.45722108534174	105.18169057614224	102.75484338266679	101.03874274980771	103.00514064754374	77.1835231173152	66.79745305462474	11.117
l3_02_blindschleiche_w21.wav	i:	1235	3.391	239.1313868440495	336.492	2748.35	3754.252	104.96347191076012	95.93126413870945	78.01459262240913	91.37918357500072	89.55675005446903	104.57299772559415	57.60144258248714	67.11744686422682	17.944
l3_02_blindschleiche_w21.wav	a:	1236	4.216	220.14831993587197	811.04	1589.963	2809.076	103.3040233049239	96.73070303497299	96.52618961570406	95.62891742737393	93.09578964706455	98.76547762135954	89.06884569377209	49.62683462254922	25.44
l3_03_drucker_w21.wav	u:	1237	2.733	244.8500509520045	421.256	1485.281	2623.798	109.0538289426969	98.78940125957222	96.33743442169009	90.1529548041533	77.79767804213684	111.06659381908092	72.84441239131553	58.82189649676767	15.413
l3_03_drucker_w21.wav	i:	1238	5.272	227.18719939712685	263.884	2267.814	3241.048	104.86782572997735	95.43007358554665	82.11280167119683	105.18462342685804	91.56739751352873	95.30295918625401	68.4954883513907	74.9485752881801	7.046
l3_03_drucker_w21.wav	a:	1239	6.83	220.18752829184484	799.045	1531.041	2855.131	108.17650346211664	104.14217242279233	105.06728915453236	104.30123341889666	106.33064219919791	115.86744409972141	93.75234682899614	59.36942608653372	23.68
l3_04_igel_w21.wav	u:	1240	0.942	300.00944156171437	353.288	1322.044	3109.075	101.01846763723115	96.73513018368376	79.92075547750844	99.00446471495854	80.7862975766914	87.31262355936978	86.26589218294791	65.35978407084474	13.478
l3_04_igel_w21.wav	i:	1241	1.735	245.6810951902374	291.313	2641.839	3723.706	112.27121939934025	101.48440238788119	85.13833716989339	112.68174142718351	99.1364873731751	106.84757012848303	68.32135208494304	68.08137180815699	8.483
l3_04_igel_w21.wav	a:	1242	2.19	250.43192848719988	911.087	1961.801	3123.279	110.78234291972547	105.6687540317955	86.05465320539291	87.21373289522178	79.56091331313914	73.76293793125829	91.0070607435273	72.70400115869036	21.475
l3_05_krokodil_w21.wav	u:	1243	1.422	265.0351948715853	441.304	928.595	2812.107	107.07889674453193	92.11674264288253	92.11159605375832	85.73212445655157	67.95367788837297	113.84597798143164	79.07768686561076	76.82438840156263	9.755
l3_05_krokodil_w21.wav	i:	1244	2.641	208.78887148082018	327.041	2330.593	2712.326	106.5732274733887	99.07122630776729	84.5486758766274	77.79946851664823	106.53131615105889	101.31314231155363	83.26694717236337	63.18326525475247	13.653
l3_05_krokodil_w21.wav	a:	1245	3.709	194.9359455270148	646.817	1385.628	2584.114	103.02248450974807	106.82377804347605	86.69051214297677	105.78193125846406	92.73156134455249	95.58541908095498	78.99337803769652	48.26897873727182	22.716
l3_07_industriebackofen_w21.wav	u:	1246	1.784	269.1140707205229	409.95	1523.532	2678.792	104.570002371591	96.51003253899384	92.33577375825521	72.72615171499376	76.98584903707652	76.98903783121614	77.83914333205094	57.03607883247464	10.519
l3_07_industriebackofen_w21.wav	i:	1247	3.669	203.8033807138329	348.756	2568.07	3542.461	106.02798675767295	99.70781899352517	85.32126725626397	98.80501166325344	100.49609379776402	89.42367086111028	54.25116049619314	53.50687446177958	15.452
l3_07_industriebackofen_w21.wav	a:	1248	4.498	209.31993312046302	857.471	1568.434	2859.162	102.0316021177399	103.7256997856526	108.10555087559484	108.02164750956607	105.43847122203324	103.18948670762317	90.45497109713851	66.1498802434516	27.406
l3_08_jumbojet_w21.wav	u:	1249	0.905	294.9126824127363	357.617	2132.738	3004.714	110.36619666643257	115.86831472025739	120.3883130617112	108.93800152063359	90.42474593878671	91.57064952908696	78.3571282901423	56.3279993568171	18.125
l3_08_jumbojet_w21.wav	i:	1250	1.74	325.1625647185628	427.748	2752.343	3642.231	111.98931811225935	99.06930732814794	92.40776776016425	108.24382704563087	102.07212040254234	96.2097748900748	68.39798525923956	56.209183305606906	12.51
l3_08_jumbojet_w21.wav	a:	1251	2.056	232.67605963818542	926.645	1844.137	3021.361	105.81654029771292	102.93180710155656	60.59373462322724	62.7018359627431	66.43410415990459	82.22077270811845	82.54030460170861	54.85613040899815	19.328
l3_09_kleinerbagger_w21.wav	u:	1252	1.535	235.55820457275036	316.843	1065.115	2990.982	109.34280145836269	109.76762548081571	98.98774464958065	103.81215078993394	92.84829949988884	115.26833904457202	69.80254773320945	44.97458555203097	20.829
l3_09_kleinerbagger_w21.wav	i:	1253	3.153	193.65256548113317	283.081	2667.847	3741.638	101.61237296007846	94.96460107746306	88.88099843454252	81.56030481346342	108.81138115781387	110.65496211623324	52.01551886675859	63.27029042969766	19.542
l3_09_kleinerbagger_w21.wav	a:	1254	4.07	203.24192632715884	917.228	1659.9	2894.491	103.26637134774418	101.19779290857234	102.5400922838628	102.41183725909693	100.17025421255124	98.02965330373809	97.98187892670035	60.89162503320556	27.263
l3_10_bodentrommel_w21.wav	u:	1255	2.062	275.51736745471175	367.882	1077.971	2807.443	104.7268781773867	101.55571430693945	95.67361925115472	95.80216912452273	94.76097007110394	95.09407317603414	66.53096634129732	44.44985894018926	13.719
l3_10_bodentrommel_w21.wav	i:	1256	3.467	260.7592095531361	274.855	2742.063	3788.435	95.24724439433261	110.3413469312561	90.8091869904948	93.95912685283031	89.73460461085082	96.77176920045942	58.53301302178798	60.26931792905885	17.47
l3_10_bodentrommel_w21.wav	a:	1257	4.1	213.2388139267491	855.702	1490.922	2671.282	106.28748845047731	106.52678741391615	96.24026213966886	98.15969555510078	93.26780204591246	112.83611895326472	92.55951511968938	67.69554338149389	19.879
l3_11_violine_w21.wav	u:	1258	1.839	344.11568684486593	361.476	1025.572	3173.42	104.78240529083935	104.67624893983455	97.93739543168925	104.38373376567502	109.08098109798672	111.7507119238384	73.28131261071037	46.536473113851464	15.857
l3_11_violine_w21.wav	i:	1259	3.295	340.7896881790742	363.805	2779.056	3724.34	104.55924543137243	102.67039509766268	95.25569955384091	103.89113028987698	117.55805058106125	122.72831005942791	73.68803981384485	79.17063692256592	24.057
l3_11_violine_w21.wav	a:	1260	3.914	242.95006173040076	867.971	1799.703	3042.88	107.36296553028374	108.00797207966355	94.38588893010063	103.60453112230184	96.68901859522518	88.24839699236838	94.61064294427304	73.30641742405456	19.488
l3_12_harpyie_w21.wav	u:	1261	1.423	266.5808003857641	434.863	1293.676	2571.58	107.97289086853459	101.62420728902546	99.18957678013803	95.74438587615879	94.89990694775355	117.73964643206165	80.11688909172742	54.60927733479142	22.712
l3_12_harpyie_w21.wav	i:	1262	2.464	226.85497092173804	397.483	2678.389	3585.883	107.00837701015178	97.93785704685303	76.4652052723008	97.66878837729416	86.49375495239593	96.18393647230336	67.51834370280447	77.79344297021828	5.068
l3_12_harpyie_w21.wav	a:	1263	3.266	219.7785883521302	779.384	1616.423	2868.525	104.66928319305032	105.92409818997376	88.39830372380604	98.50069862038035	99.10936693613192	105.90781692554629	93.33603083705371	64.2341302940355	21.462
m1_01_spatz_w18.wav	u:	1264	0.734	283.6104943675217	321.87	1175.187	2812.72	104.91987871524063	103.83889339835176	106.93696876021852	102.61234932009135	107.58815012830719	112.42582655709514	73.51432821196488	51.69553630949706	10.45
m1_01_spatz_w18.wav	i:	1265	1.286	227.67781567476555	270.705	2569.228	3507.197	112.0808927875818	99.73881580764912	85.37190694983693	112.462834310756	99.23329090947712	110.10167204516188	66.76701440912265	70.28681544390386	15.616
m1_01_spatz_w18.wav	a:	1266	1.779	211.15891399016584	883.562	1550.078	2669.718	107.3925748721973	102.79352051110364	93.20489043767137	91.29268058108248	94.23724871057613	85.18515499853109	93.83258808242743	67.45038963934162	24.216
m1_02_kleinerbagger_w18.wav	u:	1267	0.947	235.7093152461324	1161.922	2582.892	3518.552	110.75106327784226	94.00185429985527	67.62131795839898	70.01997175331901	69.69236233566856	63.89828117360736	63.3992942873645	51.815250199681806	15.059
m1_02_kleinerbagger_w18.wav	i:	1268	1.572	202.07488275868786	216.71	2634.138	3451	110.12899022042131	92.07240253950283	70.01974093466247	110.20844918115577	87.20521924985741	74.52226279311161	57.32837164227517	60.45180192589811	13.239
m1_02_kleinerbagger_w18.wav	a:	1269	2.025	183.06129747399063	825.701	1558.208	2626.531	101.97505845670355	95.83651578629603	88.62261661133158	86.01347268433878	79.85797173086895	88.7474122156375	77.90546861694351	58.76440271889479	18.691
m1_03_buerodrucker_w18.wav	u:	1270	0.855	219.18699878087315	315.358	1126.068	2447.275	107.97520208337568	99.19504658282608	88.45712736169085	92.59856546030497	79.50742204705045	94.12818122439126	72.95973256809631	71.08115802118985	12.845
m1_03_buerodrucker_w18.wav	i:	1271	1.539	189.5055451605691	232.907	2460.384	3379.356	103.22213542621814	89.17884580107066	67.31393815997058	103.71305786074184	91.7055028044842	105.05025394193257	65.25224297811948	74.62553503019792	2.381
m1_03_buerodrucker_w18.wav	a:	1272	2.077	177.24015041778844	889.19	1595.871	2635.874	105.04116334069413	94.89475304000119	92.36600963003073	92.20997391592533	89.13518022027762	97.40844314702903	73.27701360956709	65.19570970919814	13.001
m1_04_anakonda_w18.wav	u:	1273	0.826	215.4216693497817	307.796	1209.226	2485.857	111.46956257015128	99.54730010686839	92.84059743542139	99.94463704566684	85.57869483294581	110.0859000301528	73.09968910933125	69.18651443146437	14.994
m1_04_anakonda_w18.wav	i:	1274	1.684	206.98591388106567	277.084	2527.997	3424.983	119.24724895450113	107.29121915510001	85.01385762047246	117.42383087287342	93.54583056862765	90.54366400036795	59.15242540485653	66.43849211121608	21.52
m1_04_anakonda_w18.wav	a:	1275	2.067	175.4148030748315	790.117	1445.186	2591.392	108.90478981034084	106.18481213627472	105.5678866619037	104.4897645000502	99.6623224342365	89.88088294587607	82.89533425742172	70.27185950953194	18.441
m1_05_storch_w18.wav	u:	1276	0.954	250.94210236500908	317.891	1245.382	2503.377	117.99221168430569	113.67126523584906	110.15947207420322	116.48951953858874	111.53938782431622	112.61406507181044	88.33906161262483	58.66430667997935	22.211
m1_05_storch_w18.wav	i:	1277	1.659	208.10532133687315	235.828	2287.298	3340.044	108.17287843644095	109.85892843814057	97.3868035873385	103.4102790665445	117.88993970555111	121.88715490192271	78.73797364102698	67.18284498186361	22.924
m1_05_storch_w18.wav	a:	1278	2.182	167.67864649241665	749.822	1446.637	2654.269	109.09244920123223	106.9373162316702	102.258567134855	100.98758180585351	101.12494321758703	104.62964115377689	92.65495581404316	62.571235300096085	27.291
m1_06_handtrommel_w18.wav	u:	1279	1.027	224.19478883978448	373.487	1161.987	2597.457	112.13805926107199	105.31635778428203	100.85654688110165	96.0733059286397	107.26135295331284	100.91644915404495	75.40083433880633	53.835252969525584	18.963
m1_06_handtrommel_w18.wav	i:	1280	1.616	209.63061115296156	274.716	2494.327	3325.75	117.67276619559254	106.7102086033612	81.65940463662503	116.46753264054753	104.12006195924504	100.74142912678244	66.00308821736394	60.12307484818591	18.125
m1_06_handtrommel_w18.wav	a:	1281	1.988	202.98430516802668	800.917	1420.152	2640.825	111.58206208009221	108.65596142441444	106.44588825071381	106.43301105453801	105.53961682552887	94.19764660334509	95.15752707161025	61.354639932558314	29.347
m1_07_elefant_w18.wav	u:	1282	0.791	216.9808669443495	348.397	1065.786	2372.975	112.41514995067999	106.77343431879714	100.65922073629457	93.71932088688965	111.92382711009738	115.90341968879565	73.26488667044957	59.55208024701592	19.345
m1_07_elefant_w18.wav	i:	1283	1.417	207.51787534866304	265.953	2326.238	3230.432	117.33377861579064	106.94134041741698	84.65632323313932	117.41408693007241	101.18748140554021	103.25044167009143	70.01353443297754	60.47554828008672	19.586
m1_07_elefant_w18.wav	a:	1284	1.891	170.45544987929563	779.129	1530.995	2634.516	106.86203890531755	104.54090269733341	99.0010624628947	93.20163540651743	95.78469763878608	84.73973111606936	89.42178761171819	63.45109923645882	21.608
m1_08_armbanduhr_w18.wav	u:	1285	0.802	249.5046930232374	372.215	1228.037	2550.787	107.71610580872252	102.34728427521873	96.56799987020617	83.4840634006493	89.3601369899476	100.74376873749102	74.83956063312735	56.21521818641941	20.295
m1_08_armbanduhr_w18.wav	i:	1286	1.378	212.60406103384113	286.322	2493.821	3271.226	110.80097951237212	101.53167329878227	72.26687867063387	107.36432993083288	97.54119529759845	93.8275765481684	68.47991654339803	64.5116223412014	20.303
m1_08_armbanduhr_w18.wav	a:	1287	1.845	193.7045093271335	808.634	1578.659	2519.782	104.63349114605066	92.42866900385614	89.85566014635606	89.44700086744695	84.9680006653323	85.28835459581524	79.31197794124228	65.12870873545312	20.726
m1_09_jumbojet_w18.wav	u:	1288	0.753	222.86289581392748	307.277	1198.049	2491.964	110.76487665344618	111.71836761889062	104.2453203464684	100.83904530230978	114.02614374054133	113.53812957860698	80.2608189257758	51.82687432532343	17.738
m1_09_jumbojet_w18.wav	i:	1289	1.362	212.4835566610241	257.49	2350.271	3205.348	108.64228089663196	105.93616043660138	92.57965063620804	106.90401315873932	113.1291366382136	110.39064051495117	74.92932510796679	68.08954717098494	23.556
m1_09_jumbojet_w18.wav	a:	1290	1.861	181.16464731817604	802.586	1506.636	2528.347	106.89198879598172	105.4187164549085	101.00483000330772	93.18156513812826	92.18833455339258	88.46400749298252	94.66098073710775	69.11083901903994	26.273
m1_10_kontrabass_w18.wav	u:	1291	0.81	214.04656650095544	370.734	1179.224	2291.213	109.67721468332415	102.04833677386894	93.22554594091537	97.65623225636106	99.01163968546132	107.90202583055337	80.79628736709404	53.53432006912264	21.692
m1_10_kontrabass_w18.wav	i:	1292	1.472	191.48605116318384	305.698	2142.337	3083.899	111.49674766841636	106.56329407016621	91.28496186599631	102.20454288351517	90.47780782113183	87.00552570738418	74.87921535407202	58.461575402179506	19.484
m1_10_kontrabass_w18.wav	a:	1293	1.999	176.39096715181938	690.107	1396.195	2612.652	105.84366634014032	98.50005746007133	74.06082255645885	79.71732642923834	69.89719476943	82.61398834308648	88.31659981262091	62.4716106246682	23.691
m1_11_schildkroete_w18.wav	u:	1294	0.759	302.42794997306896	369.041	1329.251	2737.387	104.41001282070408	101.75670579811846	102.99914543970286	99.39981055644031	103.25468507675673	110.57776763045868	81.25532867669739	62.37610849237697	22.505
m1_11_schildkroete_w18.wav	i:	1295	1.309	237.30593508555194	277.995	1477.849	2659.978	100.66997430533328	101.60479139746764	92.73663777733935	89.06257410214455	80.30176369686671	113.69200534628212	66.70362379142878	69.56388841621276	15.799
m1_11_schildkroete_w18.wav	a:	1296	1.843	225.97736252275297	842.373	1538.843	2457.156	106.36060996217475	94.90602288454392	83.05858013905095	84.7282350668599	80.5138947511115	89.89995485420746	89.1041483641039	57.9398830606023	21.652
m1_12_kaninchen_w18.wav	u:	1297	0.67	310.7198998598441	392.125	1348.213	2997.481	101.83651513039561	95.54642296212889	90.85084812374258	89.78196457994271	89.90964463728695	107.31050285430496	76.62885677080743	52.43235968677301	20.688
m1_12_kaninchen_w18.wav	i:	1298	1.332	224.59314616290015	391.655	2663.344	3678.565	106.44423658773525	92.02807323294985	76.94667826728636	73.55076974815282	101.84237265017963	105.33034264154293	63.9786503955841	72.27082113324015	20.458
m1_12_kaninchen_w18.wav	a:	1299	1.804	226.58848837287093	825.396	1661.107	2658.197	103.93343514581801	99.39926270020322	98.23356773938767	96.99082169143861	94.2456021095862	89.64415419684158	97.2355854278239	57.48496001038074	22.136
m2_01_drucker_w19.wav	u:	1300	1.747	188.20332526675668	308.572	1900.01	2876.43	103.19142642142837	91.60404930136382	87.3247699307972	82.05516056032968	84.93138852431247	93.69941148367585	71.91077047826806	55.497200937270115	17.364
m2_01_drucker_w19.wav	i:	1301	3.042	180.34321681588767	290.596	2047.812	3085.112	110.03558501054682	105.49783285541577	73.35927535348156	103.58038055000657	91.53321109181077	97.83330573840941	76.26164763914514	57.46454827858824	19.071
m2_01_drucker_w19.wav	a:	1302	3.598	179.4443968064722	675.816	1299.728	2690.897	109.10602004524058	103.11423522621948	93.45482804800396	101.87452323298425	96.6997442327231	99.33372333486608	74.67181205542092	66.17473009871982	16.882
m2_02_kleinflugzeug_w19.wav	u:	1303	1.164	189.83826324151303	340.871	2366.579	3463.075	111.0349688042894	101.96116452879815	97.50340955307502	98.70201717220188	92.38167785532144	90.9350297027566	76.33011671366096	59.57830769243057	-0.938
m2_02_kleinflugzeug_w19.wav	i:	1304	2.634	195.50688882409932	335.254	2161.979	2990.381	109.89360281798697	101.16346547803646	89.70358219075234	95.17517714111206	105.20492583250314	112.17652753058263	81.46260274475245	83.99203830155166	14.513
m2_02_kleinflugzeug_w19.wav	a:	1305	3.098	185.98553754730148	761.136	1281.197	2760.556	109.66133034869208	109.27669666873004	83.60808104124145	89.96255369169519	85.33916783915978	97.57957812941666	82.76571673199788	74.74826665085742	20.903
m2_03_bodentrommel_w18.wav	u:	1306	1.06	194.64773233114394	329.191	2306.991	3132.104	108.81484832069016	102.73001977347214	93.99847359927601	97.89756654511925	105.72545779860047	95.87383613900917	74.03570827016785	53.0278040114532	20.711
m2_03_bodentrommel_w18.wav	i:	1307	2.352	199.7009517683805	349.851	2184.573	3240.844	117.61829825497739	111.02443389316504	81.33570435143449	110.90622540088125	90.40986513247076	88.35687336629888	83.55224507267991	62.3628576457802	23.731
m2_03_bodentrommel_w18.wav	a:	1308	2.919	184.24581621640627	754.68	1292.152	2639.019	109.63813709870732	106.3110898458197	92.8576728414694	91.51651388467526	109.76456217152298	98.61986205905971	88.64133294860324	73.73995878994629	23.607
m2_04_industriebackofen_w19.wav	u:	1309	1.439	202.56569925284464	1129.991	2424.484	3331.65	112.37022044446141	104.92703621069448	53.92519168975244	59.817647779993514	64.44963904328081	79.01337468763035	66.05318758353923	76.31066052046216	14.732
m2_04_industriebackofen_w19.wav	i:	1310	2.432	182.43896553196694	291.995	2148.798	3327.92	110.42724332857865	103.31590233854665	69.5026541730925	100.39135542656915	80.32795215142609	83.84993874810478	71.73256236098867	61.312961088193006	18.163
m2_04_industriebackofen_w19.wav	a:	1311	2.83	179.66173557602886	718.51	1295.289	2582.591	109.03096764169526	106.42366050298051	83.93805617915397	89.77598882621413	84.13552743131993	92.64643881773196	75.94725786984739	71.5502644380368	22.244
m2_05_krokodil_w19.wav	u:	1312	1.135	161.92815541647684	454.332	2508.184	3205.546	97.03198845712468	96.42837333235302	73.68405401680629	78.86447567772282	76.23213175829915	84.21744092276155	59.93229152207951	49.94978069851168	4.995
m2_05_krokodil_w19.wav	i:	1313	2.137	220.18827015002435	310.689	2348.011	3430.271	109.18813785625923	98.06348253963132	80.34031859478742	100.19613861082948	89.62470001300417	89.5965807930549	65.27608382016058	57.34072671499468	11.759
m2_05_krokodil_w19.wav	a:	1314	2.539	66.43979463738252	754.176	1313.481	2625.833	90.27006512247814	93.92827524822553	92.99072268315273	84.54799094751526	86.49472790764108	91.11311013322246	71.62181934318676	62.60804260014439	27.972
m2_06_aeffchen_w18.wav	u:	1315	1.036	398.78169076145707	395.907	1231.35	2526.806	104.78035713254555	100.89842446691358	99.33260718250659	104.74249827142052	102.60586319615044	105.83241288339056	81.61063775559302	59.557337224796676	2.682
m2_06_aeffchen_w18.wav	i:	1316	1.862	340.17645494999255	346.136	2209.652	3282.964	117.4377104921269	89.16100724108168	75.63085523571	117.49023878549944	91.37182011911752	97.82069479399644	83.62099022866897	67.0992543439327	5.387
m2_06_aeffchen_w18.wav	a:	1317	2.324	245.46509008326203	882.089	1164.745	2785.376	115.27736244475003	106.91329952093139	74.17567978419814	71.86116104189746	68.6803327086757	89.06028408861656	97.79589065271085	64.65949442551435	23.149
m2_08_grosserbagger_w19.wav	u:	1318	1.044	211.34748579246738	1070.485	2407.482	3277.684	115.25488076398787	102.37945433141786	82.20477665621084	83.84573296972285	73.7503529900578	75.02941589492666	75.97270043179	60.376464332395166	7.739
m2_08_grosserbagger_w19.wav	i:	1319	2.217	193.59679057286252	228.158	1905.434	2998.99	107.22839868011091	108.36577207527495	89.82871646612615	101.67828475043459	114.08815947437667	127.05036460578125	90.13087454826194	60.02762431332264	24.891
m2_08_grosserbagger_w19.wav	a:	1320	2.612	170.03415666037804	654.466	1213.132	2523.719	109.60231279154928	107.55688307522016	81.82993687243979	94.78274233230894	89.44182382993198	105.16906535179221	80.89694319256483	53.42127046278179	22.465
m2_09_baer_w19.wav	u:	1321	0.987	222.4684288803527	909.114	2433.219	3136.929	114.59635776169674	95.21758353463656	73.1211300582327	69.46261187434064	73.97896574453364	77.22961868600437	73.40754344811137	53.16654556264575	3.923
m2_09_baer_w19.wav	i:	1322	1.881	187.01109173885806	229.097	1978.184	3097.513	103.39777287903871	96.15718584426709	79.36008889209447	102.41736902744177	104.21796576528237	112.28269688209201	78.70768029520649	63.035071445489436	6.324
m2_09_baer_w19.wav	a:	1323	2.365	164.20084309189605	581.637	1125.346	2599.788	105.46051533121437	100.27099943106123	91.42464915865689	78.7557806388958	99.47861326406405	99.20081407514144	70.3886396258631	54.79238646627577	20.201
m2_10_blaumeise_w19.wav	u:	1324	0.776	231.65652653312262	311.907	2313.003	3399.434	101.04475549411383	98.13765238461416	92.9918871446862	91.8978704047299	82.74262960136721	86.98727850955237	75.90749789375269	62.18456393177313	11.085
m2_10_blaumeise_w19.wav	i:	1325	1.656	248.27650427328302	260.112	2455.213	3547.889	104.54458645633423	98.78497745495676	85.21998009712398	104.50458225071824	107.1210615432858	108.4156329646184	65.94624858557458	66.40780717237868	14.483
m2_10_blaumeise_w19.wav	a:	1326	1.997	266.66307021609725	903.182	1672.055	2800.63	112.2961235445168	105.64680187089192	100.13323812039218	88.98984067382251	104.25271389039851	102.96188307590218	103.05925296188198	74.58732063391392	21.227
m2_11_blindschleiche_w19.wav	u:	1327	1.305	232.19149977527562	830.4	2447.88	3158.233	103.99573234374824	95.592897838249	74.49080712065683	74.07402854277777	60.77202465752133	61.041274363314386	55.64103403289836	48.67479237043735	0.308
m2_11_blindschleiche_w19.wav	i:	1328	2.659	170.42399159757215	248.424	2217.725	3538.874	101.50357177164763	96.11390867896337	67.21713773388602	97.09880279073087	80.89151301068343	95.08212922842212	57.790690124139736	63.216543522376405	1.368
m2_11_blindschleiche_w19.wav	a:	1329	3.597	189.21792252588187	756.276	1249.717	2866.826	105.29528057640955	99.65735783246305	68.5759199748181	68.57738821441788	69.99177683441211	90.8313639695024	83.48656590954869	55.74549319070979	19.787
m2_12_kondor_w19.wav	u:	1330	1.341	436.2067099177033	355.12	979.339	2477.966	107.07708615224348	85.61119504895612	104.12401770943367	100.71018398826523	88.48354247374849	104.09237204875946	70.4543999619399	68.45602582286945	10.484
m2_12_kondor_w19.wav	i:	1331	2.538	165.9445187465088	375.147	2433.257	3538.49	101.84388332597436	101.46582203101109	79.94374092407044	101.77176534542141	86.83206884363238	95.63508795761936	63.53886125249809	63.75593996553623	10.733
m2_12_kondor_w19.wav	a:	1332	3.047	213.7315759620603	873.976	1376.77	3484.644	104.5605649841675	105.81742394610023	88.36914017978589	91.24037343393071	92.53109767100248	107.77279390672477	79.41827492315946	66.25150997752525	3.42
m3_01_igel_w18.wav	u:	1333	1.195	279.9065452981689	394.584	1849.348	2753.615	95.77691004620876	91.82118501226935	84.16642362382883	70.63010013076017	77.84472743320053	79.04840842511057	77.79063774340064	72.84430998713094	13.542
m3_01_igel_w18.wav	i:	1334	1.939	227.8395575852234	318.07	2751.473	3656.731	105.53882059873771	95.81597734028948	68.13837178308093	100.01776375164117	92.47631232758516	98.78375294736753	57.082223979723004	61.93069316976935	16.823
m3_01_igel_w18.wav	a:	1335	2.396	214.52014972165105	848.3	1773.324	2628.822	103.72329461159076	98.09322322755672	71.24272728152735	71.10589385730059	88.9342415725524	75.63834581223362	85.70060435725918	49.48524764887661	21.999
m3_02_gecko_w18.wav	u:	1336	0.9	319.4327302946101	358.096	2227.449	3384.691	102.69544174676727	105.79644418845737	95.56307511426127	98.71210910987357	69.07518411553306	93.59636454177726	73.66929926775322	57.78191010678728	7.975
m3_02_gecko_w18.wav	i:	1337	1.597	--undefined--	1163.125	2683.997	3862.48	--undefined--	--undefined--	--undefined--	-19.33770016429737	-4.662145591789734	-4.320723828191543	0	0	-0.473
m3_02_gecko_w18.wav	a:	1338	1.917	246.7601005157096	987.546	1704.372	2545.457	107.6746185999195	102.04044800191228	73.68426746728244	73.6809890713532	83.22842674396503	80.02028862642504	94.33841962513482	55.051826399597836	9.85
m3_03_backofen_w18.wav	u:	1339	1.034	248.39782979852055	699.952	1909.754	3344.214	104.3648318600155	93.93265251586288	68.18084072787747	80.3763422015153	51.31567344608534	64.74842253733789	55.513956546235676	46.370594960356215	14.734
m3_03_backofen_w18.wav	i:	1340	2.045	231.31115128598267	342.463	2366.006	3166.469	110.42653631674328	99.89720741817945	73.02675097171642	97.92822734957903	81.76653165242654	84.99984138578742	61.94298161929635	56.21229919179719	2.934
m3_03_backofen_w18.wav	a:	1341	2.442	206.9017616862317	776.665	1352.489	2427.401	107.40947804741667	102.70385605442144	86.46922757533044	93.7542529328262	88.62032287944334	79.86004087238226	80.476446727912	48.45856180153809	20.299
m3_04_gloeckchen_w18.wav	u:	1342	0.862	346.6200892775988	587.302	1080.988	3252.125	107.5995771654634	94.14966624457438	92.57258214914421	78.87258869739209	89.69799639239774	95.42845403540844	63.121862424861064	57.42577318034076	12.378
m3_04_gloeckchen_w18.wav	i:	1343	1.549	270.00940354794386	298.612	1218.697	2932.242	107.44540642329147	91.47362700004544	60.42538255116313	107.54913956155308	71.3818076730314	92.86284644781925	61.28036156046438	63.775202635670865	3.616
m3_04_gloeckchen_w18.wav	a:	1344	1.834	272.6618431330146	894.416	1774.87	2502.354	107.92263948494852	104.14158433130609	88.26921870137036	85.6052349912344	77.09172347304104	76.73165566157559	96.81990894859028	58.973245770278744	18.718
m3_05_kleinwagen_w18.wav	u:	1345	0.855	217.20163456851628	426.483	939.293	2726.509	101.66266187497581	91.25721226310236	81.36143424904262	90.90859491627282	80.76760960634368	102.19476344277942	53.45418690072442	44.78614571514512	17.353
m3_05_kleinwagen_w18.wav	i:	1346	1.547	220.69862302491325	345.516	1965.592	2981.948	106.44036059018318	101.65484779552934	72.36310190359134	93.33187450688058	80.75428914295047	95.46781746926217	64.96855786058377	59.2965918511171	0.837
m3_05_kleinwagen_w18.wav	a:	1347	1.869	212.14212427421884	742.74	1529.607	2463.795	104.7320186987749	102.62490529851118	92.63375444042458	84.6595886366117	104.49878593714773	84.08176683301714	88.91178764202519	53.588981936761925	21.528
m3_06_wanduhr_w18.wav	u:	1348	0.796	204.71007495523148	396.293	990.837	2910.862	100.81238763559766	93.53151399439483	77.6601860881326	93.07800850018272	76.56217749883896	73.77137189709805	53.39777722100443	42.57601151453148	2.078
m3_06_wanduhr_w18.wav	i:	1349	1.731	212.67579136127193	381.425	2619.696	3176.139	102.17594917383954	95.29489344639256	68.81171053468769	94.44020308480822	89.11613728400606	96.60357710941976	54.356038957465714	51.4510242231108	6.174
m3_06_wanduhr_w18.wav	a:	1350	2.139	105.0773237407744	741.128	1452.547	2343.967	75.05797733127379	103.33541601348566	94.40340920098478	81.3719310327645	90.08368983298375	83.87699921133091	78.3974394397778	47.8885240919178	19.526
m3_08_komodowaran_w18.wav	u:	1351	0.915	284.4465848696813	425.439	865.622	2596.374	106.7190643745106	93.72624280785026	94.7232378432308	81.97830701553346	79.69695064851449	126.1717369556468	83.70655913908334	72.23625119204732	15.995
m3_08_komodowaran_w18.wav	i:	1352	1.58	200.2364320674228	353.734	2432.959	3242.432	101.36620419686943	98.98366660057887	67.57126904210111	98.29251523623921	93.18492479403886	99.94784391907075	69.02062323820591	57.59740923431819	20.055
m3_08_komodowaran_w18.wav	a:	1353	1.906	208.6576906773934	851.969	1440.412	2393.948	101.0283387641384	100.57595237374801	74.82651492729472	75.60490134486855	82.58789578522537	91.08420987259517	79.14512378937754	46.24554411523686	20.472
m3_09_kuh_w18.wav	u:	1354	0.791	217.69997621819886	405.667	2332.867	3479.473	101.7644672282532	93.38023085128913	86.21761630045636	88.01706620556142	74.58480039394188	84.26982086735426	61.03306123568805	45.02080417215037	0.563
m3_09_kuh_w18.wav	i:	1355	1.482	228.7006462650637	379.22	2439.918	3187.808	105.20382401527658	94.80585941861206	80.43454814172219	93.65762419025879	95.46921754352897	85.46822494215529	65.11038362541808	61.637688161000305	3.505
m3_09_kuh_w18.wav	a:	1356	1.851	212.6763797634837	758.558	1372.062	2255.232	104.19940877291822	101.15833100643897	88.86251768842419	76.33581596828364	98.8699378842	104.64154527504968	89.45903064740484	48.66616846866358	27.845
m3_10_kirchenglocke_w18.wav	u:	1357	1.281	269.2796330671241	384.554	799.393	2558.375	105.69827052505826	102.30242967637287	97.58995104933348	86.97978312441255	103.1815541556233	94.63195998406754	57.50686903522756	43.34646086921458	14.796
m3_10_kirchenglocke_w18.wav	i:	1358	2.397	222.2361887448926	318.779	2609.337	3632.795	108.01350516088233	99.99241681859488	70.4774264923548	99.53216654340724	98.32224880354099	97.36242751182779	72.71118619287608	71.88108644994996	18.788
m3_10_kirchenglocke_w18.wav	a:	1359	2.753	213.58494380251943	891.915	1465.517	2630.368	104.74118333169083	106.50746921847559	77.14139437905483	73.74938815372069	87.68075682249835	94.8740109732579	86.00536201442388	63.67825720153917	21.516
m3_12_suv_w18.wav	u:	1360	0.863	258.56126499817583	405.586	755.765	2434.466	104.55069794736542	98.41023789591922	91.52691198934532	90.6376837956155	95.06457885202926	105.17454892820196	63.4112902406676	39.28465633779022	12.58
m3_12_suv_w18.wav	i:	1361	1.56	216.81077023832333	354.039	2464.9	3417.284	100.72770012376935	92.37758020383953	75.07156449905284	84.16466967060356	98.50174180164271	106.15083199679218	67.88601475495099	65.89495677907681	11.863
m3_12_suv_w18.wav	a:	1362	1.855	201.709947319111	769.501	1403.602	2287.835	102.62241051228177	104.35206023282237	89.13655406163855	87.75114507426517	88.20935405597717	86.47154368859307	94.70270909151479	69.9421967754287	21.72
